timestamp,load,pv,hp,ev
2017-05-26 00:00:00+02:00,0.056224,0.0,0.0,0.0
2017-05-26 01:00:00+02:00,0.037096,0.0,0.0,0.0
2017-05-26 02:00:00+02:00,0.028303,0.0,0.0,0.0
2017-05-26 03:00:00+02:00,0.027697,0.0,0.0,0.0
2017-05-26 04:00:00+02:00,0.025268,0.0,0.0,0.0
2017-05-26 05:00:00+02:00,0.02815,0.0,0.0,0.0
2017-05-26 06:00:00+02:00,0.036005,0.0,0.0,0.0
2017-05-26 07:00:00+02:00,0.066615,0.0,0.0,0.0
2017-05-26 08:00:00+02:00,0.057067,0.0,0.0,0.0
2017-05-26 09:00:00+02:00,0.056617,0.0,0.0,0.0
2017-05-26 10:00:00+02:00,0.053502,0.0,0.0,0.0
2017-05-26 11:00:00+02:00,0.045461,0.0,0.0,0.0
2017-05-26 12:00:00+02:00,0.04478,0.0,0.0,0.0
2017-05-26 13:00:00+02:00,0.049104,0.0,0.0,0.0
2017-05-26 14:00:00+02:00,0.046904,0.0,0.0,0.0
2017-05-26 15:00:00+02:00,0.048785,0.0,0.0,0.0
2017-05-26 16:00:00+02:00,0.053731,0.0,0.0,0.0
2017-05-26 17:00:00+02:00,0.079213,0.0,0.0,0.0
2017-05-26 18:00:00+02:00,0.074679,0.0,0.0,0.0
2017-05-26 19:00:00+02:00,0.076557,0.0,0.0,0.0
2017-05-26 20:00:00+02:00,0.079232,0.0,0.0,0.0
2017-05-26 21:00:00+02:00,0.082656,0.0,0.0,0.0
2017-05-26 22:00:00+02:00,0.076091,0.0,0.0,0.0
2017-05-26 23:00:00+02:00,0.066667,0.0,0.0,0.0
2017-05-27 00:00:00+02:00,0.048932,0.0,0.0,0.0
2017-05-27 01:00:00+02:00,0.034804,0.0,0.0,0.0
2017-05-27 02:00:00+02:00,0.026822,0.0,0.0,0.0
2017-05-27 03:00:00+02:00,0.025159,0.0,0.0,0.0
2017-05-27 04:00:00+02:00,0.026043,0.0,0.0,0.0
2017-05-27 05:00:00+02:00,0.026147,0.0,0.0,0.0
2017-05-27 06:00:00+02:00,0.038584,0.0,0.0,0.0
2017-05-27 07:00:00+02:00,0.062704,0.0,0.0,0.0
2017-05-27 08:00:00+02:00,0.059726,0.0,0.0,0.0
2017-05-27 09:00:00+02:00,0.061869,0.0,0.0,0.0
2017-05-27 10:00:00+02:00,0.057898,0.0,0.0,0.0
2017-05-27 11:00:00+02:00,0.04885,0.0,0.0,0.0
2017-05-27 12:00:00+02:00,0.045418,0.0,0.0,0.0
2017-05-27 13:00:00+02:00,0.047815,0.0,0.0,0.0
2017-05-27 14:00:00+02:00,0.054557,0.0,0.0,0.0
2017-05-27 15:00:00+02:00,0.051164,0.0,0.0,0.0
2017-05-27 16:00:00+02:00,0.053466,0.0,0.0,0.0
2017-05-27 17:00:00+02:00,0.056683,0.0,0.0,0.0
2017-05-27 18:00:00+02:00,0.058368,0.0,0.0,0.0
2017-05-27 19:00:00+02:00,0.077002,0.0,0.0,0.0
2017-05-27 20:00:00+02:00,0.077199,0.0,0.0,0.0
2017-05-27 21:00:00+02:00,0.07687,0.0,0.0,0.0
2017-05-27 22:00:00+02:00,0.076033,0.0,0.0,0.0
2017-05-27 23:00:00+02:00,0.068633,0.0,0.0,0.0
2017-05-28 00:00:00+02:00,0.054609,0.0,0.0,0.0
2017-05-28 01:00:00+02:00,0.045621,0.0,0.0,0.0
2017-05-28 02:00:00+02:00,0.029748,0.0,0.0,0.0
2017-05-28 03:00:00+02:00,0.025326,0.0,0.0,0.0
2017-05-28 04:00:00+02:00,0.026578,0.0,0.0,0.0
2017-05-28 05:00:00+02:00,0.024949,0.0,0.0,0.0
2017-05-28 06:00:00+02:00,0.033809,0.0,0.0,0.0
2017-05-28 07:00:00+02:00,0.064908,0.0,0.0,0.0
2017-05-28 08:00:00+02:00,0.060891,0.0,0.0,0.0
2017-05-28 09:00:00+02:00,0.071391,0.0,0.0,0.0
2017-05-28 10:00:00+02:00,0.078469,0.0,0.0,0.0
2017-05-28 11:00:00+02:00,0.060998,0.0,0.0,0.0
2017-05-28 12:00:00+02:00,0.061076,0.0,0.0,0.0
2017-05-28 13:00:00+02:00,0.061746,0.0,0.0,0.0
2017-05-28 14:00:00+02:00,0.067041,0.0,0.0,0.0
2017-05-28 15:00:00+02:00,0.073549,0.0,0.0,0.0
2017-05-28 16:00:00+02:00,0.06898,0.0,0.0,0.0
2017-05-28 17:00:00+02:00,0.065902,0.0,0.0,0.0
2017-05-28 18:00:00+02:00,0.064775,0.0,0.0,0.0
2017-05-28 19:00:00+02:00,0.079447,0.0,0.0,0.0
2017-05-28 20:00:00+02:00,0.072591,0.0,0.0,0.0
2017-05-28 21:00:00+02:00,0.086963,0.0,0.0,0.0
2017-05-28 22:00:00+02:00,0.076739,0.0,0.0,0.0
2017-05-28 23:00:00+02:00,0.069853,0.0,0.0,0.0
2017-05-29 00:00:00+02:00,0.054905,0.0,0.0,0.0
2017-05-29 01:00:00+02:00,0.042052,0.0,0.0,0.0
2017-05-29 02:00:00+02:00,0.031465,0.0,0.0,0.0
2017-05-29 03:00:00+02:00,0.02646,0.0,0.0,0.0
2017-05-29 04:00:00+02:00,0.024976,0.0,0.0,0.0
2017-05-29 05:00:00+02:00,0.024777,0.0,0.0,0.0
2017-05-29 06:00:00+02:00,0.027441,0.0,0.0,0.0
2017-05-29 07:00:00+02:00,0.033569,0.0,0.0,0.0
2017-05-29 08:00:00+02:00,0.047531,0.0,0.0,0.0
2017-05-29 09:00:00+02:00,0.0582,0.0,0.0,0.0
2017-05-29 10:00:00+02:00,0.080905,0.0,0.0,0.0
2017-05-29 11:00:00+02:00,0.064506,0.0,0.0,0.0
2017-05-29 12:00:00+02:00,0.079367,0.0,0.0,0.0
2017-05-29 13:00:00+02:00,0.079484,0.0,0.0,0.0
2017-05-29 14:00:00+02:00,0.074541,0.0,0.0,0.0
2017-05-29 15:00:00+02:00,0.065541,0.0,0.0,0.0
2017-05-29 16:00:00+02:00,0.05948,0.0,0.0,0.0
2017-05-29 17:00:00+02:00,0.050634,0.0,0.0,0.0
2017-05-29 18:00:00+02:00,0.051995,0.0,0.0,0.0
2017-05-29 19:00:00+02:00,0.068083,0.0,0.0,0.0
2017-05-29 20:00:00+02:00,0.059358,0.0,0.0,0.0
2017-05-29 21:00:00+02:00,0.067334,0.0,0.0,0.0
2017-05-29 22:00:00+02:00,0.074256,0.0,0.0,0.0
2017-05-29 23:00:00+02:00,0.064545,0.0,0.0,0.0
2017-05-30 00:00:00+02:00,0.063326,0.0,0.0,0.0
2017-05-30 01:00:00+02:00,0.056045,0.0,0.0,0.0
2017-05-30 02:00:00+02:00,0.037197,0.0,0.0,0.0
2017-05-30 03:00:00+02:00,0.029554,0.0,0.0,0.0
2017-05-30 04:00:00+02:00,0.026971,0.0,0.0,0.0
2017-05-30 05:00:00+02:00,0.026023,0.0,0.0,0.0
2017-05-30 06:00:00+02:00,0.02592,0.0,0.0,0.0
2017-05-30 07:00:00+02:00,0.033594,0.0,0.0,0.0
2017-05-30 08:00:00+02:00,0.04657,0.0,0.0,0.0
2017-05-30 09:00:00+02:00,0.055017,0.0,0.0,0.0
2017-05-30 10:00:00+02:00,0.074392,0.0,0.0,0.0
2017-05-30 11:00:00+02:00,0.094486,0.0,0.0,0.0
2017-05-30 12:00:00+02:00,0.106992,0.0,0.0,0.0
2017-05-30 13:00:00+02:00,0.109831,0.0,0.0,0.0
2017-05-30 14:00:00+02:00,0.100284,0.0,0.0,0.0
2017-05-30 15:00:00+02:00,0.085504,0.0,0.0,0.0
2017-05-30 16:00:00+02:00,0.078075,0.0,0.0,0.0
2017-05-30 17:00:00+02:00,0.06937,0.0,0.0,0.0
2017-05-30 18:00:00+02:00,0.074415,0.0,0.0,0.0
2017-05-30 19:00:00+02:00,0.097351,0.0,0.0,0.0
2017-05-30 20:00:00+02:00,0.095207,0.0,0.0,0.0
2017-05-30 21:00:00+02:00,0.088423,0.0,0.0,0.0
2017-05-30 22:00:00+02:00,0.081155,0.0,0.0,0.0
2017-05-30 23:00:00+02:00,0.064865,0.0,0.0,0.0
2017-05-31 00:00:00+02:00,0.048918,0.0,0.0,0.0
2017-05-31 01:00:00+02:00,0.036665,0.0,0.0,0.0
2017-05-31 02:00:00+02:00,0.027569,0.0,0.0,0.0
2017-05-31 03:00:00+02:00,0.027991,0.0,0.0,0.0
2017-05-31 04:00:00+02:00,0.026501,0.0,0.0,0.0
2017-05-31 05:00:00+02:00,0.02792,0.0,0.0,0.0
2017-05-31 06:00:00+02:00,0.03317,0.0,0.0,0.0
2017-05-31 07:00:00+02:00,0.05379,0.0,0.0,0.0
2017-05-31 08:00:00+02:00,0.048232,0.0,0.0,0.0
2017-05-31 09:00:00+02:00,0.054065,0.0,0.0,0.0
2017-05-31 10:00:00+02:00,0.056753,0.0,0.0,0.0
2017-05-31 11:00:00+02:00,0.048565,0.0,0.0,0.0
2017-05-31 12:00:00+02:00,0.047904,0.0,0.0,0.0
2017-05-31 13:00:00+02:00,0.061099,0.0,0.0,0.0
2017-05-31 14:00:00+02:00,0.049484,0.0,0.0,0.0
2017-05-31 15:00:00+02:00,0.048424,0.0,0.0,0.0
2017-05-31 16:00:00+02:00,0.060661,0.0,0.0,0.0
2017-05-31 17:00:00+02:00,0.069834,0.0,0.0,0.0
2017-05-31 18:00:00+02:00,0.077994,0.0,0.0,0.0
2017-05-31 19:00:00+02:00,0.092781,0.0,0.0,0.0
2017-05-31 20:00:00+02:00,0.099304,0.0,0.0,0.0
2017-05-31 21:00:00+02:00,0.087082,0.0,0.0,0.0
2017-05-31 22:00:00+02:00,0.083031,0.0,0.0,0.0
2017-05-31 23:00:00+02:00,0.068232,0.0,0.0,0.0
2017-06-01 00:00:00+02:00,0.049732,0.0,0.0,0.0
2017-06-01 01:00:00+02:00,0.038193,0.0,0.0,0.0
2017-06-01 02:00:00+02:00,0.030423,0.0,0.0,0.0
2017-06-01 03:00:00+02:00,0.025231,0.0,0.0,0.0
2017-06-01 04:00:00+02:00,0.025198,0.0,0.0,0.0
2017-06-01 05:00:00+02:00,0.025248,0.0,0.0,0.0
2017-06-01 06:00:00+02:00,0.034212,0.0,0.0,0.0
2017-06-01 07:00:00+02:00,0.060875,0.0,0.0,0.0
2017-06-01 08:00:00+02:00,0.05803,0.0,0.0,0.0
2017-06-01 09:00:00+02:00,0.053771,0.0,0.0,0.0
2017-06-01 10:00:00+02:00,0.047842,0.0,0.0,0.0
2017-06-01 11:00:00+02:00,0.049117,0.0,0.0,0.0
2017-06-01 12:00:00+02:00,0.059247,0.0,0.0,0.0
2017-06-01 13:00:00+02:00,0.05995,0.0,0.0,0.0
2017-06-01 14:00:00+02:00,0.056756,0.0,0.0,0.0
2017-06-01 15:00:00+02:00,0.055742,0.0,0.0,0.0
2017-06-01 16:00:00+02:00,0.058799,0.0,0.0,0.0
2017-06-01 17:00:00+02:00,0.073723,0.0,0.0,0.0
2017-06-01 18:00:00+02:00,0.083618,0.0,0.0,0.0
2017-06-01 19:00:00+02:00,0.091259,0.0,0.0,0.0
2017-06-01 20:00:00+02:00,0.087995,0.0,0.0,0.0
2017-06-01 21:00:00+02:00,0.089082,0.0,0.0,0.0
2017-06-01 22:00:00+02:00,0.084714,0.0,0.0,0.0
2017-06-01 23:00:00+02:00,0.073144,0.0,0.0,0.0
2017-06-02 00:00:00+02:00,0.06975,0.0,0.0,0.0
