,car_type,bat_cap,location,netto_charging_capacity,SoC_start,SoC_end,chargingdemand,charge_time,park_start,park_end,drive_start,drive_end,consumption
0,bev_luxury,90,6_home,11.0,0.0,1.0,0.0,26,1,26,0,0,0.0
1,bev_luxury,90,driving,0.0,1.0,0.9746593333333332,0.0,0,0,0,27,28,0.5436900765617809
2,bev_luxury,90,0_work,22.0,0.9746593333333332,0.9746593333333332,0.0,0,29,64,0,0,0.0
3,bev_luxury,90,driving,0.0,0.9746593333333332,0.9532916888888888,0.0,0,0,0,65,69,0.4584479325962844
4,bev_luxury,90,6_home,11.0,0.9532916888888888,0.9532916888888888,0.0,0,70,122,0,0,0.0
5,bev_luxury,90,driving,0.0,0.9532916888888888,0.9342324666666668,0.0,0,0,0,123,124,0.44840323356685985
6,bev_luxury,90,3_shopping,0.0,0.9342324666666668,0.9342324666666668,0.0,44,125,170,0,0,0.0
7,bev_luxury,90,driving,0.0,0.9342324666666668,0.9118469111111112,0.0,0,0,0,127,129,0.12555161389063166
8,bev_luxury,90,0_work,22.0,0.9118469111111112,1.0,0.11786444566375383,40,130,170,0,0,0.0
9,bev_luxury,90,driving,0.0,1.0,0.984712,0.0,0,0,0,171,172,0.32800770397292256
10,bev_luxury,90,6_home,11.0,0.984712,0.984712,0.0,42,173,259,0,0,0.0
11,bev_luxury,90,driving,0.0,0.984712,0.9593713333333334,0.0,0,0,0,218,219,0.5436900765617809
12,bev_luxury,90,0_work,22.0,0.9593713333333334,0.9593713333333334,0.0,0,220,259,0,0,0.0
13,bev_luxury,90,driving,0.0,0.9593713333333334,0.938003688888889,0.0,0,0,0,260,263,0.4584479325962844
14,bev_luxury,90,6_home,11.0,0.938003688888889,1.0,0.7864556365692053,25,264,312,0,0,0.0
15,bev_luxury,90,driving,0.0,1.0,0.9879573333333334,0.0,0,0,0,313,314,0.25837829951887636
16,bev_luxury,90,0_work,22.0,0.9879573333333334,0.9879573333333334,0.0,0,315,349,0,0,0.0
17,bev_luxury,90,driving,0.0,0.9879573333333334,0.9681096,0.0,0,0,0,350,354,0.4258378754404438
18,bev_luxury,90,6_home,11.0,0.9681096,0.9681096,0.0,0,355,411,0,0,0.0
19,bev_luxury,90,driving,0.0,0.9681096,0.8437727111111111,0.0,0,0,0,412,418,2.6676777501034032
20,bev_luxury,90,0_work,22.0,0.8437727111111111,1.0,0.7990631943140675,17,419,435,0,0,0.0
21,bev_luxury,90,driving,0.0,1.0,0.7567253333333332,0.0,0,0,0,436,450,5.219516277348994
22,bev_luxury,90,6_home,11.0,0.7567253333333332,1.0,21.894720000000007,49,451,532,0,0,0.0
23,bev_luxury,90,driving,0.0,1.0,0.9953451111111112,0.0,0,0,0,514,515,0.09987175671726276
24,bev_luxury,90,0_work,22.0,0.9953451111111112,0.9953451111111112,0.0,0,516,532,0,0,0.0
25,bev_luxury,90,driving,0.0,0.9953451111111112,0.9846168444444444,0.0,0,0,0,533,534,0.23017753250540113
26,bev_luxury,90,6_home,11.0,0.9846168444444444,0.9846168444444444,0.0,0,535,613,0,0,0.0
27,bev_luxury,90,driving,0.0,0.9846168444444444,0.973068311111111,0.0,0,0,0,614,615,0.28696288324824837
28,bev_luxury,90,5_leisure,0.0,0.973068311111111,0.973068311111111,0.0,0,616,632,0,0,0.0
29,bev_luxury,90,driving,0.0,0.973068311111111,0.9213024444444444,0.0,0,0,0,633,635,1.2863003399431148
30,bev_luxury,90,6_home,11.0,0.9213024444444444,1.0,0.4386032115112873,73,636,734,0,0,0.0
31,bev_luxury,90,driving,0.0,1.0,0.9919538,0.0,0,0,0,699,700,0.38225225450363154
32,bev_luxury,90,4_private/ridesharing,22.0,0.9919538,0.9919538,0.0,0,701,734,0,0,0.0
33,bev_luxury,90,driving,0.0,0.9919538,0.9812255333333332,0.0,0,0,0,735,736,0.5096696726715086
34,bev_luxury,90,6_home,11.0,0.9812255333333332,0.9812255333333332,0.0,0,737,739,0,0,0.0
35,bev_luxury,90,driving,0.0,0.9812255333333332,0.9505200222222222,0.0,0,0,0,740,742,0.04300259758174032
36,bev_luxury,90,1_business,0.0,0.9505200222222222,0.9505200222222222,0.0,0,743,756,0,0,0.0
37,bev_luxury,90,driving,0.0,0.9505200222222222,0.9261125555555556,0.0,0,0,0,757,758,0.03418228288916528
38,bev_luxury,90,6_home,11.0,0.9261125555555556,1.0,0.0,10,759,794,0,0,0.0
39,bev_luxury,90,driving,0.0,1.0,0.9672715555555556,0.0,0,0,0,795,797,0.7021966193633945
40,bev_luxury,90,0_work,22.0,0.9672715555555556,0.9672715555555556,0.0,63,798,887,0,0,0.0
41,bev_luxury,90,driving,0.0,0.9672715555555556,0.9426008888888888,0.0,0,0,0,825,826,0.14614051758613658
42,bev_luxury,90,5_leisure,0.0,0.9426008888888888,0.9426008888888888,0.0,0,827,887,0,0,0.0
43,bev_luxury,90,driving,0.0,0.9426008888888888,0.927715088888889,0.0,0,0,0,888,889,0.19524854105750516
44,bev_luxury,90,4_private/ridesharing,0.0,0.927715088888889,0.927715088888889,0.0,0,890,907,0,0,0.0
45,bev_luxury,90,driving,0.0,0.927715088888889,0.898747888888889,0.0,0,0,0,908,909,1.376149922529591
46,bev_luxury,90,6_home,11.0,0.898747888888889,1.0,0.1263999070816565,5,910,914,0,0,0.0
47,bev_luxury,90,driving,0.0,1.0,0.9702266666666668,0.0,0,0,0,915,917,0.6387940022427491
48,bev_luxury,90,0_work,22.0,0.9702266666666668,0.9702266666666668,0.0,0,918,929,0,0,0.0
49,bev_luxury,90,driving,0.0,0.9702266666666668,0.9473391111111112,0.0,0,0,0,930,932,0.49105798975212495
50,bev_luxury,90,6_home,11.0,0.9473391111111112,1.0,1.1298519919948737,54,933,986,0,0,0.0
51,bev_luxury,90,driving,0.0,1.0,0.9769696,0.0,0,0,0,944,946,0.5722692047209856
52,bev_luxury,90,5_leisure,0.0,0.9769696,0.9769696,0.0,0,947,986,0,0,0.0
53,bev_luxury,90,driving,0.0,0.9769696,0.9693596,0.0,0,0,0,987,988,0.0450790144367332
54,bev_luxury,90,0_work,22.0,0.9693596,0.9693596,0.0,0,989,1019,0,0,0.0
55,bev_luxury,90,driving,0.0,0.9693596,0.9476342,0.0,0,0,0,1020,1023,0.24604688667116167
56,bev_luxury,90,4_private/ridesharing,0.0,0.9476342,0.9476342,0.0,0,1024,1030,0,0,0.0
57,bev_luxury,90,driving,0.0,0.9476342,0.919683,0.0,0,0,0,1031,1033,0.36661993448834046
58,bev_luxury,90,5_leisure,22.0,0.919683,0.919683,0.0,0,1034,1044,0,0,0.0
59,bev_luxury,90,driving,0.0,0.919683,0.8633574,0.0,0,0,0,1045,1050,1.3996025391409765
60,bev_luxury,90,6_home,11.0,0.8633574,1.0,0.03456243409359572,19,1051,1094,0,0,0.0
61,bev_luxury,90,driving,0.0,1.0,0.99239,0.0,0,0,0,1082,1083,0.16327437383790822
62,bev_luxury,90,0_work,22.0,0.99239,0.99239,0.0,15,1084,1109,0,0,0.0
63,bev_luxury,90,driving,0.0,0.99239,0.9786441333333332,0.0,0,0,0,1095,1096,0.1556761991922005
64,bev_luxury,90,4_private/ridesharing,0.0,0.9786441333333332,0.9786441333333332,0.0,0,1097,1109,0,0,0.0
65,bev_luxury,90,driving,0.0,0.9786441333333332,0.9281850222222222,0.0,0,0,0,1110,1112,0.5714650682189102
66,bev_luxury,90,0_work,22.0,0.9281850222222222,1.0,0.017668135934463352,19,1113,1131,0,0,0.0
67,bev_luxury,90,driving,0.0,1.0,0.9769696,0.0,0,0,0,1132,1133,0.13642414376921688
68,bev_luxury,90,5_leisure,50.0,0.9769696,0.9769696,0.0,21,1134,1200,0,0,0.0
69,bev_luxury,90,driving,0.0,0.9769696,0.9220778222222222,0.0,0,0,0,1180,1183,0.32515995307521617
70,bev_luxury,90,0_work,22.0,0.9220778222222222,1.0,0.46158409684443297,17,1184,1200,0,0,0.0
71,bev_luxury,90,driving,0.0,1.0,0.9299952,0.0,0,0,0,1201,1207,1.5019697615831795
72,bev_luxury,90,6_home,11.0,0.9299952,1.0,6.300431999999998,21,1208,1228,0,0,0.0
73,bev_luxury,90,driving,0.0,1.0,0.9719707777777776,0.0,0,0,0,1223,1225,0.6594389703979803
74,bev_luxury,90,3_shopping,0.0,0.9719707777777776,0.9719707777777776,0.0,0,1226,1228,0,0,0.0
75,bev_luxury,90,driving,0.0,0.9719707777777776,0.9323642,0.0,0,0,0,1229,1231,0.9318175389846621
76,bev_luxury,90,6_home,11.0,0.9323642,1.0,0.9318175389846628,13,1232,1286,0,0,0.0
77,bev_luxury,90,driving,0.0,1.0,0.9622072,0.0,0,0,0,1287,1289,0.9390916180430763
78,bev_luxury,90,5_leisure,0.0,0.9622072,0.9622072,0.0,0,1290,1296,0,0,0.0
79,bev_luxury,90,driving,0.0,0.9622072,0.9210807111111112,0.0,0,0,0,1297,1304,1.0219285418147708
80,bev_luxury,90,6_home,11.0,0.9210807111111112,1.0,1.9610201598578467,10,1305,1344,0,0,0.0
