,car_type,bat_cap,location,netto_charging_capacity,SoC_start,SoC_end,chargingdemand,charge_time,park_start,park_end,drive_start,drive_end,consumption
0,bev_mini,30,6_home,11.0,0.0,1.0,0.0,26,1,26,0,0,0.0
1,bev_mini,30,driving,0.0,1.0,0.9604592,0.0,0,0,0,27,29,1.186224
2,bev_mini,30,0_work,11.0,0.9604592,0.9604592,0.0,0,30,47,0,0,0.0
3,bev_mini,30,driving,0.0,0.9604592,0.9333815999999999,0.0,0,0,0,48,50,0.8123280000000003
4,bev_mini,30,6_home,11.0,0.9333815999999999,1.0,1.9985520000000023,46,51,123,0,0,0.0
5,bev_mini,30,driving,0.0,1.0,0.8930826666666667,0.0,0,0,0,124,126,3.20752
6,bev_mini,30,0_work,11.0,0.8930826666666667,1.0,3.2075199999999993,36,127,162,0,0,0.0
7,bev_mini,30,driving,0.0,1.0,0.8791541333333334,0.0,0,0,0,163,165,3.625376
8,bev_mini,30,5_leisure,0.0,0.8791541333333334,0.8791541333333334,0.0,0,166,218,0,0,0.0
9,bev_mini,30,driving,0.0,0.8791541333333334,0.7864213333333334,0.0,0,0,0,219,221,2.781984
10,bev_mini,30,0_work,11.0,0.7864213333333334,1.0,6.407359999999997,27,222,248,0,0,0.0
11,bev_mini,30,driving,0.0,1.0,0.9331653333333333,0.0,0,0,0,249,251,2.00504
12,bev_mini,30,3_shopping,11.0,0.9331653333333333,0.9331653333333333,0.0,0,252,256,0,0,0.0
13,bev_mini,30,driving,0.0,0.9331653333333333,0.8855282666666666,0.0,0,0,0,257,259,1.4291120000000002
14,bev_mini,30,5_leisure,0.0,0.8855282666666666,0.8855282666666666,0.0,0,260,277,0,0,0.0
15,bev_mini,30,driving,0.0,0.8855282666666666,0.8392999999999999,0.0,0,0,0,278,279,1.3868480000000003
16,bev_mini,30,6_home,11.0,0.8392999999999999,1.0,4.8210000000000015,9,280,314,0,0,0.0
17,bev_mini,30,driving,0.0,1.0,0.9746437333333333,0.0,0,0,0,315,316,0.7606879999999998
18,bev_mini,30,0_work,11.0,0.9746437333333333,0.9746437333333333,0.0,0,317,348,0,0,0.0
19,bev_mini,30,driving,0.0,0.9746437333333333,0.9207552,0.0,0,0,0,349,351,1.6166560000000008
20,bev_mini,30,6_home,11.0,0.9207552,1.0,2.377344,4,352,356,0,0,0.0
21,bev_mini,30,driving,0.0,1.0,0.9842008,0.0,0,0,0,357,358,0.47397599999999995
22,bev_mini,30,3_shopping,11.0,0.9842008,0.9842008,0.0,0,359,360,0,0,0.0
23,bev_mini,30,driving,0.0,0.9842008,0.9456327999999999,0.0,0,0,0,361,363,1.15704
24,bev_mini,30,6_home,11.0,0.9456327999999999,1.0,1.6310160000000018,21,364,405,0,0,0.0
25,bev_mini,30,driving,0.0,1.0,0.9143594666666667,0.0,0,0,0,406,408,2.5692160000000004
26,bev_mini,30,0_work,11.0,0.9143594666666667,1.0,2.569216,7,409,419,0,0,0.0
27,bev_mini,30,driving,0.0,1.0,0.9837335466666667,0.0,0,0,0,420,421,0.4879936
28,bev_mini,30,4_private/ridesharing,0.0,0.9837335466666667,0.9837335466666667,0.0,0,422,424,0,0,0.0
29,bev_mini,30,driving,0.0,0.9837335466666667,0.9146799466666666,0.0,0,0,0,425,428,2.071608
30,bev_mini,30,3_shopping,11.0,0.9146799466666666,0.9146799466666666,0.0,0,429,481,0,0,0.0
31,bev_mini,30,driving,0.0,0.9146799466666666,0.7420572799999999,0.0,0,0,0,482,490,5.178680000000001
32,bev_mini,30,6_home,11.0,0.7420572799999999,1.0,7.738281600000002,86,491,614,0,0,0.0
33,bev_mini,30,driving,0.0,1.0,0.9513073066666666,0.0,0,0,0,615,617,1.4607808
34,bev_mini,30,4_private/ridesharing,0.0,0.9513073066666666,0.9513073066666666,0.0,0,618,660,0,0,0.0
35,bev_mini,30,driving,0.0,0.9513073066666666,0.9242297066666666,0.0,0,0,0,661,662,0.8123280000000003
36,bev_mini,30,6_home,11.0,0.9242297066666666,1.0,2.273108800000002,10,663,697,0,0,0.0
37,bev_mini,30,driving,0.0,1.0,0.9249978666666667,0.0,0,0,0,698,700,2.250064
38,bev_mini,30,0_work,11.0,0.9249978666666667,1.0,2.2500639999999983,24,701,724,0,0,0.0
39,bev_mini,30,driving,0.0,1.0,0.9136053333333334,0.0,0,0,0,725,731,2.5918400000000004
40,bev_mini,30,5_leisure,0.0,0.9136053333333334,0.9136053333333334,0.0,0,732,734,0,0,0.0
41,bev_mini,30,driving,0.0,0.9136053333333334,0.8334570666666667,0.0,0,0,0,735,738,2.404448000000001
42,bev_mini,30,3_shopping,11.0,0.8334570666666667,0.8334570666666667,0.0,0,739,760,0,0,0.0
43,bev_mini,30,driving,0.0,0.8334570666666667,0.7757384,0.0,0,0,0,761,762,1.7315600000000004
44,bev_mini,30,6_home,11.0,0.7757384,1.0,6.727847999999998,6,763,792,0,0,0.0
45,bev_mini,30,driving,0.0,1.0,0.9817359999999999,0.0,0,0,0,793,794,0.5479200000000001
46,bev_mini,30,0_work,11.0,0.9817359999999999,0.9817359999999999,0.0,0,795,820,0,0,0.0
47,bev_mini,30,driving,0.0,0.9817359999999999,0.9508282666666666,0.0,0,0,0,821,822,0.9272320000000001
48,bev_mini,30,6_home,11.0,0.9508282666666666,0.9508282666666666,0.0,0,823,888,0,0,0.0
49,bev_mini,30,driving,0.0,0.9508282666666666,0.7623498666666666,0.0,0,0,0,889,894,5.654352
50,bev_mini,30,0_work,11.0,0.7623498666666666,1.0,7.1295040000000025,42,895,936,0,0,0.0
51,bev_mini,30,driving,0.0,1.0,0.9767525333333333,0.0,0,0,0,937,938,0.697424
52,bev_mini,30,6_home,11.0,0.9767525333333333,0.9767525333333333,0.0,0,939,984,0,0,0.0
53,bev_mini,30,driving,0.0,0.9767525333333333,0.9584885333333333,0.0,0,0,0,985,986,0.5479200000000001
54,bev_mini,30,0_work,11.0,0.9584885333333333,0.9584885333333333,0.0,0,987,1007,0,0,0.0
55,bev_mini,30,driving,0.0,0.9584885333333333,0.8548082666666665,0.0,0,0,0,1008,1010,3.110408000000001
56,bev_mini,30,6_home,11.0,0.8548082666666665,1.0,4.355752000000004,46,1011,1086,0,0,0.0
57,bev_mini,30,driving,0.0,1.0,0.8860074666666666,0.0,0,0,0,1087,1089,3.419776
58,bev_mini,30,2_school,0.0,0.8860074666666666,0.8860074666666666,0.0,0,1090,1112,0,0,0.0
59,bev_mini,30,driving,0.0,0.8860074666666666,0.8535278933333333,0.0,0,0,0,1113,1114,0.9743871999999999
60,bev_mini,30,4_private/ridesharing,0.0,0.8535278933333333,0.8535278933333333,0.0,0,1115,1119,0,0,0.0
61,bev_mini,30,driving,0.0,0.8535278933333333,0.82262016,0.0,0,0,0,1120,1121,0.9272320000000001
62,bev_mini,30,6_home,11.0,0.82262016,1.0,5.321395199999999,31,1122,1183,0,0,0.0
63,bev_mini,30,driving,0.0,1.0,0.9320901333333333,0.0,0,0,0,1184,1187,2.037296
64,bev_mini,30,0_work,11.0,0.9320901333333333,1.0,2.0372959999999996,35,1188,1224,0,0,0.0
65,bev_mini,30,driving,0.0,1.0,0.10666666666666669,0.0,0,0,0,1225,1237,26.8
66,bev_mini,30,7_charging_hub,50.0,0.10666666666666669,0.5233333333333334,12.5,1,1238,1239,0,0,0.0
67,bev_mini,30,driving,0.0,0.5233333333333334,0.2137381333333332,0.0,0,0,0,1240,1245,9.287856000000007
68,bev_mini,30,6_home,11.0,0.2137381333333332,0.4887381333333332,8.25,3,1246,1268,0,0,0.0
69,bev_mini,30,driving,0.0,0.4887381333333332,0.0839455999999999,0.0,0,0,0,1269,1285,12.143775999999999
70,bev_mini,30,0_work,11.0,0.0839455999999999,1.0,27.481632000000005,23,1286,1308,0,0,0.0
71,bev_mini,30,driving,0.0,1.0,0.9690922666666667,0.0,0,0,0,1309,1310,0.9272320000000001
72,bev_mini,30,6_home,11.0,0.9690922666666667,0.9690922666666667,0.0,0,1311,1344,0,0,0.0
