timestamp,0
2017-01-01 00:00:00+01:00,9.088852687259784
2017-01-01 06:00:00+01:00,0.9050693500269517
2017-01-01 12:00:00+01:00,8.225620402678063
2017-01-01 18:00:00+01:00,12.890551074622955
2017-01-02 00:00:00+01:00,45.6245500827037
2017-01-02 06:00:00+01:00,10.719969099195675
2017-01-02 12:00:00+01:00,10.984052612503937
2017-01-02 18:00:00+01:00,17.717552536293017
2017-01-03 00:00:00+01:00,9.160353480561339
2017-01-03 06:00:00+01:00,11.372886853040708
2017-01-03 12:00:00+01:00,35.90609727506334
2017-01-03 18:00:00+01:00,15.895922608712276
2017-01-04 00:00:00+01:00,8.612426975910427
2017-01-04 06:00:00+01:00,9.20475108028992
2017-01-04 12:00:00+01:00,8.033222836506354
2017-01-04 18:00:00+01:00,27.463980982730707
2017-01-05 00:00:00+01:00,11.690654016142572
2017-01-05 06:00:00+01:00,7.033907276452507
2017-01-05 12:00:00+01:00,5.325813799287206
2017-01-05 18:00:00+01:00,19.670917911490648
2017-01-06 00:00:00+01:00,14.799796890017294
2017-01-06 06:00:00+01:00,4.127342706687977
2017-01-06 12:00:00+01:00,15.404312243465329
2017-01-06 18:00:00+01:00,21.810009182032466
2017-01-07 00:00:00+01:00,14.271790266200005
2017-01-07 06:00:00+01:00,16.537960044183833
2017-01-07 12:00:00+01:00,14.739434709194901
2017-01-07 18:00:00+01:00,20.50854741674631
2017-01-08 00:00:00+01:00,11.778128428586957
2017-01-08 06:00:00+01:00,14.319397404889761
2017-01-08 12:00:00+01:00,14.45370369565839
2017-01-08 18:00:00+01:00,18.479750244898465
2017-01-09 00:00:00+01:00,47.61371113810485
2017-01-09 06:00:00+01:00,13.05314980793782
2017-01-09 12:00:00+01:00,15.03276022144688
2017-01-09 18:00:00+01:00,18.091452528872953
2017-01-10 00:00:00+01:00,11.610599664367815
2017-01-10 06:00:00+01:00,11.607800974454886
2017-01-10 12:00:00+01:00,9.211918823873269
2017-01-10 18:00:00+01:00,18.132718425640395
2017-01-11 00:00:00+01:00,12.829202427354291
2017-01-11 06:00:00+01:00,13.281342738613205
2017-01-11 12:00:00+01:00,11.755983110162544
2017-01-11 18:00:00+01:00,27.998756648102287
2017-01-12 00:00:00+01:00,7.81667813271919
2017-01-12 06:00:00+01:00,8.84379964935086
2017-01-12 12:00:00+01:00,2.037504756288338
2017-01-12 18:00:00+01:00,13.951337391454603
2017-01-13 00:00:00+01:00,9.158316369282995
2017-01-13 06:00:00+01:00,11.679514772703408
2017-01-13 12:00:00+01:00,10.97912291102681
2017-01-13 18:00:00+01:00,15.619271526376366
2017-01-14 00:00:00+01:00,9.80661740681137
2017-01-14 06:00:00+01:00,13.205644619599727
2017-01-14 12:00:00+01:00,1.424283606622439
2017-01-14 18:00:00+01:00,15.011774315706639
2017-01-15 00:00:00+01:00,10.095294030222027
2017-01-15 06:00:00+01:00,13.148541783456968
2017-01-15 12:00:00+01:00,9.898323862867699
2017-01-15 18:00:00+01:00,15.876362980007558
2017-01-16 00:00:00+01:00,47.07591457555797
2017-01-16 06:00:00+01:00,2.8596982975907475
2017-01-16 12:00:00+01:00,7.090934324268275
2017-01-16 18:00:00+01:00,15.924744558895604
2017-01-17 00:00:00+01:00,12.312170766643625
2017-01-17 06:00:00+01:00,27.67015012687243
2017-01-17 12:00:00+01:00,2.06954323747885
2017-01-17 18:00:00+01:00,17.58196335584089
2017-01-18 00:00:00+01:00,13.000978530135665
2017-01-18 06:00:00+01:00,14.19692499560257
2017-01-18 12:00:00+01:00,11.829690904820907
2017-01-18 18:00:00+01:00,30.808196667387428
2017-01-19 00:00:00+01:00,12.164349221100476
2017-01-19 06:00:00+01:00,7.38249139676061
2017-01-19 12:00:00+01:00,2.3517765053206463
2017-01-19 18:00:00+01:00,17.21899329184877
2017-01-20 00:00:00+01:00,10.308744377310514
2017-01-20 06:00:00+01:00,8.357181570380758
2017-01-20 12:00:00+01:00,3.279692133902068
2017-01-20 18:00:00+01:00,15.02645453095989
2017-01-21 00:00:00+01:00,8.494564960357577
2017-01-21 06:00:00+01:00,10.691986387443277
2017-01-21 12:00:00+01:00,7.329266648473499
2017-01-21 18:00:00+01:00,13.515709156368628
2017-01-22 00:00:00+01:00,9.396435703172816
2017-01-22 06:00:00+01:00,12.882728879882393
2017-01-22 12:00:00+01:00,25.21559335250117
2017-01-22 18:00:00+01:00,15.815220706778563
2017-01-23 00:00:00+01:00,48.40406225164651
2017-01-23 06:00:00+01:00,17.039237000068724
2017-01-23 12:00:00+01:00,16.853181618089387
2017-01-23 18:00:00+01:00,16.57639791972314
2017-01-24 00:00:00+01:00,11.108019301694753
2017-01-24 06:00:00+01:00,12.367037839133019
2017-01-24 12:00:00+01:00,37.03480305783407
2017-01-24 18:00:00+01:00,15.31956879465135
2017-01-25 00:00:00+01:00,9.73387265617039
2017-01-25 06:00:00+01:00,11.770072291690715
2017-01-25 12:00:00+01:00,9.152020345915117
2017-01-25 18:00:00+01:00,26.891099584183838
2017-01-26 00:00:00+01:00,9.698942466945534
2017-01-26 06:00:00+01:00,15.045159982764853
2017-01-26 12:00:00+01:00,17.91347258848348
2017-01-26 18:00:00+01:00,15.3774225124044
2017-01-27 00:00:00+01:00,10.942358396819465
2017-01-27 06:00:00+01:00,18.779723386110906
2017-01-27 12:00:00+01:00,29.50537305378149
2017-01-27 18:00:00+01:00,16.182345424012368
2017-01-28 00:00:00+01:00,12.312468131978134
2017-01-28 06:00:00+01:00,16.30756547706267
2017-01-28 12:00:00+01:00,27.681054218493884
2017-01-28 18:00:00+01:00,17.090458592744994
2017-01-29 00:00:00+01:00,9.669604464323307
2017-01-29 06:00:00+01:00,18.853111913624375
2017-01-29 12:00:00+01:00,20.80240831371957
2017-01-29 18:00:00+01:00,13.359092915708889
2017-01-30 00:00:00+01:00,45.89464582086531
2017-01-30 06:00:00+01:00,8.132808834218945
2017-01-30 12:00:00+01:00,7.265257922005991
2017-01-30 18:00:00+01:00,13.748975740931558
2017-01-31 00:00:00+01:00,10.855399397617777
2017-01-31 06:00:00+01:00,12.672908620174441
2017-01-31 12:00:00+01:00,36.483874014170894
2017-01-31 18:00:00+01:00,16.329403426930998
2017-02-01 00:00:00+01:00,10.46127398713861
2017-02-01 06:00:00+01:00,10.983415891675747
2017-02-01 12:00:00+01:00,12.129096443325896
2017-02-01 18:00:00+01:00,27.873762397756195
2017-02-02 00:00:00+01:00,12.006841958960193
2017-02-02 06:00:00+01:00,15.400742266399984
2017-02-02 12:00:00+01:00,9.88208467704738
2017-02-02 18:00:00+01:00,16.435526464663983
2017-02-03 00:00:00+01:00,9.452313766191073
2017-02-03 06:00:00+01:00,6.787160583666806
2017-02-03 12:00:00+01:00,6.488271045207249
2017-02-03 18:00:00+01:00,13.760055606930354
2017-02-04 00:00:00+01:00,8.489489455304549
2017-02-04 06:00:00+01:00,1.6454468002678833
2017-02-04 12:00:00+01:00,8.436227863127122
2017-02-04 18:00:00+01:00,13.958410047944836
2017-02-05 00:00:00+01:00,8.99554579581655
2017-02-05 06:00:00+01:00,10.358694621932095
2017-02-05 12:00:00+01:00,10.20363702628385
2017-02-05 18:00:00+01:00,13.736551793936933
2017-02-06 00:00:00+01:00,46.614737459575394
2017-02-06 06:00:00+01:00,13.752006968154202
2017-02-06 12:00:00+01:00,13.30731283395755
2017-02-06 18:00:00+01:00,15.522942578763505
2017-02-07 00:00:00+01:00,11.10926355137532
2017-02-07 06:00:00+01:00,13.571950893744564
2017-02-07 12:00:00+01:00,38.12575429072591
2017-02-07 18:00:00+01:00,16.967921843741248
2017-02-08 00:00:00+01:00,12.783527311875925
2017-02-08 06:00:00+01:00,14.094002343448603
2017-02-08 12:00:00+01:00,0.5248535167191766
2017-02-08 18:00:00+01:00,29.811051751007795
2017-02-09 00:00:00+01:00,13.194636381189676
2017-02-09 06:00:00+01:00,6.99857298985021
2017-02-09 12:00:00+01:00,16.741313714235474
2017-02-09 18:00:00+01:00,18.031962713163313
2017-02-10 00:00:00+01:00,12.694003278393806
2017-02-10 06:00:00+01:00,2.0495227667767493
2017-02-10 12:00:00+01:00,31.00785458538249
2017-02-10 18:00:00+01:00,17.36981307583386
2017-02-11 00:00:00+01:00,11.657318819385035
2017-02-11 06:00:00+01:00,5.992396438621154
2017-02-11 12:00:00+01:00,2.653878376379884
2017-02-11 18:00:00+01:00,17.54600496178344
2017-02-12 00:00:00+01:00,11.802430313529442
2017-02-12 06:00:00+01:00,9.069801101625538
2017-02-12 12:00:00+01:00,3.1854513436672693
2017-02-12 18:00:00+01:00,16.41061519491735
2017-02-13 00:00:00+01:00,48.95736863508042
2017-02-13 06:00:00+01:00,25.37579024744953
2017-02-13 12:00:00+01:00,37.690918628519704
2017-02-13 18:00:00+01:00,16.72427816285047
2017-02-14 00:00:00+01:00,12.42741143384212
2017-02-14 06:00:00+01:00,28.574755328684592
2017-02-14 12:00:00+01:00,19.70803539914382
2017-02-14 18:00:00+01:00,15.96079274394536
2017-02-15 00:00:00+01:00,7.5684208237843125
2017-02-15 06:00:00+01:00,34.23401015428006
2017-02-15 12:00:00+01:00,45.11356266308228
2017-02-15 18:00:00+01:00,23.643892429693707
2017-02-16 00:00:00+01:00,6.67231557211399
2017-02-16 06:00:00+01:00,30.596059283224946
2017-02-16 12:00:00+01:00,37.3061780008677
2017-02-16 18:00:00+01:00,11.515276868022358
2017-02-17 00:00:00+01:00,6.944889483990734
2017-02-17 06:00:00+01:00,5.154159294191089
2017-02-17 12:00:00+01:00,1.2294094833666147
2017-02-17 18:00:00+01:00,11.231633288322472
2017-02-18 00:00:00+01:00,7.762968555933074
2017-02-18 06:00:00+01:00,9.590497533537354
2017-02-18 12:00:00+01:00,5.548637990669658
2017-02-18 18:00:00+01:00,12.676988129529862
2017-02-19 00:00:00+01:00,7.132762085301005
2017-02-19 06:00:00+01:00,11.30098179030513
2017-02-19 12:00:00+01:00,18.151275844192135
2017-02-19 18:00:00+01:00,12.301097230441485
2017-02-20 00:00:00+01:00,42.11788168003989
2017-02-20 06:00:00+01:00,1.759225014531312
2017-02-20 12:00:00+01:00,1.0314042714230742
2017-02-20 18:00:00+01:00,10.917539931224297
2017-02-21 00:00:00+01:00,5.802500486188715
2017-02-21 06:00:00+01:00,1.2892107905538999
2017-02-21 12:00:00+01:00,2.178159544333688
2017-02-21 18:00:00+01:00,12.107399029255053
2017-02-22 00:00:00+01:00,6.014148290229745
2017-02-22 06:00:00+01:00,3.373114507257744
2017-02-22 12:00:00+01:00,1.2583313541805945
2017-02-22 18:00:00+01:00,22.82079377821927
2017-02-23 00:00:00+01:00,5.869153311496059
2017-02-23 06:00:00+01:00,0.7751337859805801
2017-02-23 12:00:00+01:00,2.757355787378851
2017-02-23 18:00:00+01:00,10.08592720286216
2017-02-24 00:00:00+01:00,7.0825551936019275
2017-02-24 06:00:00+01:00,0.7458437270467141
2017-02-24 12:00:00+01:00,31.447348318066126
2017-02-24 18:00:00+01:00,12.786287205417283
2017-02-25 00:00:00+01:00,7.7761300973623655
2017-02-25 06:00:00+01:00,34.049440159927485
2017-02-25 12:00:00+01:00,13.878816925054874
2017-02-25 18:00:00+01:00,12.35899981173175
2017-02-26 00:00:00+01:00,5.214981365581941
2017-02-26 06:00:00+01:00,3.925386836231154
2017-02-26 12:00:00+01:00,13.553147479079797
2017-02-26 18:00:00+01:00,9.44949016225231
2017-02-27 00:00:00+01:00,40.540910305687426
2017-02-27 06:00:00+01:00,41.55160697908034
2017-02-27 12:00:00+01:00,28.179813316977636
2017-02-27 18:00:00+01:00,8.747115360593117
2017-02-28 00:00:00+01:00,5.433850263590523
2017-02-28 06:00:00+01:00,3.8546080645795797
2017-02-28 12:00:00+01:00,6.610439957987071
2017-02-28 18:00:00+01:00,9.932100228259538
2017-03-01 00:00:00+01:00,6.878667542707756
2017-03-01 06:00:00+01:00,37.076115712187644
2017-03-01 12:00:00+01:00,9.644942203077715
2017-03-01 18:00:00+01:00,24.359317913664995
2017-03-02 00:00:00+01:00,6.562975811362608
2017-03-02 06:00:00+01:00,2.6523124543750582
2017-03-02 12:00:00+01:00,2.437306264432396
2017-03-02 18:00:00+01:00,11.560601562402484
2017-03-03 00:00:00+01:00,6.0337398958842225
2017-03-03 06:00:00+01:00,45.015211422874366
2017-03-03 12:00:00+01:00,52.41323083771483
2017-03-03 18:00:00+01:00,10.054750312616996
2017-03-04 00:00:00+01:00,4.254072973118429
2017-03-04 06:00:00+01:00,38.81924738599204
2017-03-04 12:00:00+01:00,48.39509048205103
2017-03-04 18:00:00+01:00,8.836709384444292
2017-03-05 00:00:00+01:00,4.976224837171615
2017-03-05 06:00:00+01:00,15.684638417721136
2017-03-05 12:00:00+01:00,12.26304093032317
2017-03-05 18:00:00+01:00,8.927658021557237
2017-03-06 00:00:00+01:00,42.3345265115754
2017-03-06 06:00:00+01:00,17.475754654401005
2017-03-06 12:00:00+01:00,4.580919029541279
2017-03-06 18:00:00+01:00,10.34330137855334
2017-03-07 00:00:00+01:00,8.679596083944372
2017-03-07 06:00:00+01:00,3.3368236992935394
2017-03-07 12:00:00+01:00,27.2758900890219
2017-03-07 18:00:00+01:00,13.322486345634799
2017-03-08 00:00:00+01:00,6.876400839227551
2017-03-08 06:00:00+01:00,27.08068514054044
2017-03-08 12:00:00+01:00,25.790282667377262
2017-03-08 18:00:00+01:00,23.87976067723951
2017-03-09 00:00:00+01:00,4.928070013629902
2017-03-09 06:00:00+01:00,10.94763175263175
2017-03-09 12:00:00+01:00,7.0848279624490775
2017-03-09 18:00:00+01:00,9.980922727376772
2017-03-10 00:00:00+01:00,6.389399764047618
2017-03-10 06:00:00+01:00,7.19672824927105
2017-03-10 12:00:00+01:00,28.531517886393004
2017-03-10 18:00:00+01:00,10.099346889280051
2017-03-11 00:00:00+01:00,6.644028147978211
2017-03-11 06:00:00+01:00,17.326034993768644
2017-03-11 12:00:00+01:00,41.91610305418357
2017-03-11 18:00:00+01:00,12.370095052609997
2017-03-12 00:00:00+01:00,8.031939639110565
2017-03-12 06:00:00+01:00,58.94625357211075
2017-03-12 12:00:00+01:00,50.329192563149036
2017-03-12 18:00:00+01:00,12.4981665833916
2017-03-13 00:00:00+01:00,43.144102098564204
2017-03-13 06:00:00+01:00,41.51972267516706
2017-03-13 12:00:00+01:00,38.985058230657046
2017-03-13 18:00:00+01:00,10.339271954173276
2017-03-14 00:00:00+01:00,6.279118441587503
2017-03-14 06:00:00+01:00,16.714250117494284
2017-03-14 12:00:00+01:00,2.7602172254946833
2017-03-14 18:00:00+01:00,11.522388729776203
2017-03-15 00:00:00+01:00,4.869946881308959
2017-03-15 06:00:00+01:00,42.96797204331014
2017-03-15 12:00:00+01:00,66.44328921199522
2017-03-15 18:00:00+01:00,21.36804729587799
2017-03-16 00:00:00+01:00,5.123399164343992
2017-03-16 06:00:00+01:00,37.94453486051357
2017-03-16 12:00:00+01:00,34.79791992322086
2017-03-16 18:00:00+01:00,9.067820706839424
2017-03-17 00:00:00+01:00,5.140236468357048
2017-03-17 06:00:00+01:00,13.956798708194157
2017-03-17 12:00:00+01:00,19.434888802291482
2017-03-17 18:00:00+01:00,10.411366057185829
2017-03-18 00:00:00+01:00,6.182518991610268
2017-03-18 06:00:00+01:00,7.170786618473741
2017-03-18 12:00:00+01:00,42.34734150508505
2017-03-18 18:00:00+01:00,10.442172973419863
2017-03-19 00:00:00+01:00,7.160680669839342
2017-03-19 06:00:00+01:00,12.059691237473915
2017-03-19 12:00:00+01:00,0.706568129874644
2017-03-19 18:00:00+01:00,10.483018514244955
2017-03-20 00:00:00+01:00,40.02328246920238
2017-03-20 06:00:00+01:00,4.529381811331609
2017-03-20 12:00:00+01:00,20.15680642870646
2017-03-20 18:00:00+01:00,8.657717241254804
2017-03-21 00:00:00+01:00,4.613228422918647
2017-03-21 06:00:00+01:00,23.761594401317417
2017-03-21 12:00:00+01:00,6.02596743999997
2017-03-21 18:00:00+01:00,9.859832744917881
2017-03-22 00:00:00+01:00,5.797215457006042
2017-03-22 06:00:00+01:00,67.5079674799174
2017-03-22 12:00:00+01:00,50.16671105128051
2017-03-22 18:00:00+01:00,21.26902289853115
2017-03-23 00:00:00+01:00,5.4768882903953005
2017-03-23 06:00:00+01:00,6.7631354520628655
2017-03-23 12:00:00+01:00,8.50425372008764
2017-03-23 18:00:00+01:00,11.089524644424865
2017-03-24 00:00:00+01:00,5.073012198979892
2017-03-24 06:00:00+01:00,70.29433382424686
2017-03-24 12:00:00+01:00,75.10579299839625
2017-03-24 18:00:00+01:00,8.763779753671816
2017-03-25 00:00:00+01:00,5.590011143634101
2017-03-25 06:00:00+01:00,47.268632120453624
2017-03-25 12:00:00+01:00,65.13043414660552
2017-03-25 18:00:00+01:00,8.91251853530841
2017-03-26 00:00:00+01:00,4.844954716524459
2017-03-26 07:00:00+02:00,69.5000987633673
2017-03-26 13:00:00+02:00,72.73341808618895
2017-03-26 19:00:00+02:00,8.61804542111653
2017-03-27 01:00:00+02:00,39.78206079450159
2017-03-27 07:00:00+02:00,73.04023781536185
2017-03-27 13:00:00+02:00,74.23770217013544
2017-03-27 19:00:00+02:00,5.9688571254538605
2017-03-28 01:00:00+02:00,3.6268668177470826
2017-03-28 07:00:00+02:00,71.97414985104152
2017-03-28 13:00:00+02:00,50.834205939687806
2017-03-28 19:00:00+02:00,6.448233056692933
2017-03-29 01:00:00+02:00,3.920898505420959
2017-03-29 07:00:00+02:00,30.665203026842526
2017-03-29 13:00:00+02:00,11.540265433716494
2017-03-29 19:00:00+02:00,19.084537478635202
2017-03-30 01:00:00+02:00,3.8733963355597187
2017-03-30 07:00:00+02:00,14.804866026587804
2017-03-30 13:00:00+02:00,48.75179266986701
2017-03-30 19:00:00+02:00,7.187140680745176
2017-03-31 01:00:00+02:00,3.1163935520984016
2017-03-31 07:00:00+02:00,66.42590604980063
2017-03-31 13:00:00+02:00,63.519655776783836
2017-03-31 19:00:00+02:00,6.195816719905141
2017-04-01 01:00:00+02:00,2.610794472044148
2017-04-01 07:00:00+02:00,69.94493117851896
2017-04-01 13:00:00+02:00,69.52339345972784
2017-04-01 19:00:00+02:00,6.176722873914519
2017-04-02 01:00:00+02:00,3.263459703605288
2017-04-02 07:00:00+02:00,51.90653251301763
2017-04-02 13:00:00+02:00,49.446878610442
2017-04-02 19:00:00+02:00,5.033551157814582
2017-04-03 01:00:00+02:00,40.43156969085743
2017-04-03 07:00:00+02:00,13.374325363411133
2017-04-03 13:00:00+02:00,16.27144133291186
2017-04-03 19:00:00+02:00,7.415736978366358
2017-04-04 01:00:00+02:00,4.574902002164824
2017-04-04 07:00:00+02:00,30.017740092166406
2017-04-04 13:00:00+02:00,9.027944089497625
2017-04-04 19:00:00+02:00,9.057118972745752
2017-04-05 01:00:00+02:00,4.1535209974284575
2017-04-05 07:00:00+02:00,43.32860052205626
2017-04-05 13:00:00+02:00,25.671776122928758
2017-04-05 19:00:00+02:00,21.561294858811106
2017-04-06 01:00:00+02:00,5.189841301732226
2017-04-06 07:00:00+02:00,76.49401861160291
2017-04-06 13:00:00+02:00,65.74777034985502
2017-04-06 19:00:00+02:00,9.071176895020859
2017-04-07 01:00:00+02:00,5.250222120931251
2017-04-07 07:00:00+02:00,1.4881484987213291
2017-04-07 13:00:00+02:00,6.091765276167923
2017-04-07 19:00:00+02:00,7.861754838089448
2017-04-08 01:00:00+02:00,4.014211769116491
2017-04-08 07:00:00+02:00,35.8958681443067
2017-04-08 13:00:00+02:00,36.40993464953852
2017-04-08 19:00:00+02:00,8.247465090655503
2017-04-09 01:00:00+02:00,3.3498925834877777
2017-04-09 07:00:00+02:00,70.1074547438457
2017-04-09 13:00:00+02:00,81.10806536552505
2017-04-09 19:00:00+02:00,5.262059982930367
2017-04-10 01:00:00+02:00,39.467474168402376
2017-04-10 07:00:00+02:00,77.85467213844271
2017-04-10 13:00:00+02:00,52.94946363528794
2017-04-10 19:00:00+02:00,6.440112530743283
2017-04-11 01:00:00+02:00,5.673859517829589
2017-04-11 07:00:00+02:00,30.63814469168259
2017-04-11 13:00:00+02:00,20.232335519376516
2017-04-11 19:00:00+02:00,8.64187460865287
2017-04-12 01:00:00+02:00,4.926768251086107
2017-04-12 07:00:00+02:00,24.33267922716155
2017-04-12 13:00:00+02:00,19.580850568221162
2017-04-12 19:00:00+02:00,21.124894952050305
2017-04-13 01:00:00+02:00,4.693396213692381
2017-04-13 07:00:00+02:00,60.41698731383399
2017-04-13 13:00:00+02:00,47.60625552486391
2017-04-13 19:00:00+02:00,7.813270825495816
2017-04-14 01:00:00+02:00,5.096896528986535
2017-04-14 07:00:00+02:00,44.32318432409396
2017-04-14 13:00:00+02:00,47.51735438540525
2017-04-14 19:00:00+02:00,9.172448714730134
2017-04-15 01:00:00+02:00,4.647516299458639
2017-04-15 07:00:00+02:00,10.655587885636743
2017-04-15 13:00:00+02:00,27.24435096395596
2017-04-15 19:00:00+02:00,7.7236525111333
2017-04-16 01:00:00+02:00,6.3841432635274185
2017-04-16 07:00:00+02:00,32.02398860226686
2017-04-16 13:00:00+02:00,37.50997444838609
2017-04-16 19:00:00+02:00,10.604291257197735
2017-04-17 01:00:00+02:00,42.248420529584315
2017-04-17 07:00:00+02:00,52.58455661248613
2017-04-17 13:00:00+02:00,45.49469340658653
2017-04-17 19:00:00+02:00,7.968022858542515
2017-04-18 01:00:00+02:00,7.001998211818818
2017-04-18 07:00:00+02:00,42.91503457315672
2017-04-18 13:00:00+02:00,14.13974983590063
2017-04-18 19:00:00+02:00,9.559924158169181
2017-04-19 01:00:00+02:00,6.9276605764333725
2017-04-19 07:00:00+02:00,58.79404820691828
2017-04-19 13:00:00+02:00,50.26481345802372
2017-04-19 19:00:00+02:00,23.196775988363598
2017-04-20 01:00:00+02:00,5.868701874496677
2017-04-20 07:00:00+02:00,82.6461959954505
2017-04-20 13:00:00+02:00,37.30656302819622
2017-04-20 19:00:00+02:00,10.42594207539491
2017-04-21 01:00:00+02:00,4.441034383792415
2017-04-21 07:00:00+02:00,39.32333565166852
2017-04-21 13:00:00+02:00,48.34189116084104
2017-04-21 19:00:00+02:00,7.75288221544513
2017-04-22 01:00:00+02:00,4.8987735462758835
2017-04-22 07:00:00+02:00,45.726187510646724
2017-04-22 13:00:00+02:00,61.80999439842289
2017-04-22 19:00:00+02:00,8.665727108829588
2017-04-23 01:00:00+02:00,5.943404313081506
2017-04-23 07:00:00+02:00,42.04094905046887
2017-04-23 13:00:00+02:00,52.23180155347668
2017-04-23 19:00:00+02:00,8.28627546218989
2017-04-24 01:00:00+02:00,40.458296744738924
2017-04-24 07:00:00+02:00,73.84921354726889
2017-04-24 13:00:00+02:00,63.644536791575405
2017-04-24 19:00:00+02:00,8.772120399733394
2017-04-25 01:00:00+02:00,4.650672173441584
2017-04-25 07:00:00+02:00,23.332800407045386
2017-04-25 13:00:00+02:00,29.10255932467039
2017-04-25 19:00:00+02:00,7.708879283293879
2017-04-26 01:00:00+02:00,4.11020643702265
2017-04-26 07:00:00+02:00,70.33224011950348
2017-04-26 13:00:00+02:00,56.0080706630499
2017-04-26 19:00:00+02:00,19.117831283929128
2017-04-27 01:00:00+02:00,3.7980306212547372
2017-04-27 07:00:00+02:00,77.59944090340639
2017-04-27 13:00:00+02:00,69.95034659130368
2017-04-27 19:00:00+02:00,6.0441728133618104
2017-04-28 01:00:00+02:00,3.3568366425552694
2017-04-28 07:00:00+02:00,55.27523647377086
2017-04-28 13:00:00+02:00,42.15501517978942
2017-04-28 19:00:00+02:00,7.974743063273956
2017-04-29 01:00:00+02:00,4.232179976784741
2017-04-29 07:00:00+02:00,41.13322513944533
2017-04-29 13:00:00+02:00,42.52139202304458
2017-04-29 19:00:00+02:00,5.658062711207133
2017-04-30 01:00:00+02:00,2.6683254482107985
2017-04-30 07:00:00+02:00,82.03142117817369
2017-04-30 13:00:00+02:00,84.06653679725837
2017-04-30 19:00:00+02:00,5.874797885242617
2017-05-01 01:00:00+02:00,38.15294805536612
2017-05-01 07:00:00+02:00,76.29079415726461
2017-05-01 13:00:00+02:00,34.02879473571756
2017-05-01 19:00:00+02:00,7.099238179952909
2017-05-02 01:00:00+02:00,4.3551630256145515
2017-05-02 07:00:00+02:00,16.39081110284857
2017-05-02 13:00:00+02:00,16.38360691080771
2017-05-02 19:00:00+02:00,8.14428050803911
2017-05-03 01:00:00+02:00,3.460921621980187
2017-05-03 07:00:00+02:00,51.466943682586304
2017-05-03 13:00:00+02:00,48.342004622480125
2017-05-03 19:00:00+02:00,19.148576200211654
2017-05-04 01:00:00+02:00,4.348633380045089
2017-05-04 07:00:00+02:00,3.4770109796387776
2017-05-04 13:00:00+02:00,0.7336190125282767
2017-05-04 19:00:00+02:00,7.718850719008391
2017-05-05 01:00:00+02:00,3.9966028097081696
2017-05-05 07:00:00+02:00,7.99646102302301
2017-05-05 13:00:00+02:00,17.090732103312966
2017-05-05 19:00:00+02:00,6.275142998886282
2017-05-06 01:00:00+02:00,2.236328998249454
2017-05-06 07:00:00+02:00,47.919843470042686
2017-05-06 13:00:00+02:00,40.351906624813324
2017-05-06 19:00:00+02:00,2.591512073090573
2017-05-07 01:00:00+02:00,2.954620162803574
2017-05-07 07:00:00+02:00,43.794207415984225
2017-05-07 13:00:00+02:00,84.3864905871626
2017-05-07 19:00:00+02:00,4.15161146637699
2017-05-08 01:00:00+02:00,40.88849342887984
2017-05-08 07:00:00+02:00,5.894348347338195
2017-05-08 13:00:00+02:00,9.102992896551685
2017-05-08 19:00:00+02:00,6.954653462242878
2017-05-09 01:00:00+02:00,5.33224258648052
2017-05-09 07:00:00+02:00,64.90462328987472
2017-05-09 13:00:00+02:00,6.398552227168691
2017-05-09 19:00:00+02:00,8.460685822787598
2017-05-10 01:00:00+02:00,4.217162080701802
2017-05-10 07:00:00+02:00,42.3316938375223
2017-05-10 13:00:00+02:00,59.136858485747
2017-05-10 19:00:00+02:00,17.60628623298021
2017-05-11 01:00:00+02:00,1.2343084570229537
2017-05-11 07:00:00+02:00,93.80616818328058
2017-05-11 13:00:00+02:00,90.6616697101923
2017-05-11 19:00:00+02:00,2.5968755296643358
2017-05-12 01:00:00+02:00,1.094966878005409
2017-05-12 07:00:00+02:00,88.34100850203176
2017-05-12 13:00:00+02:00,79.75692437506822
2017-05-12 19:00:00+02:00,6.209856940951754
2017-05-13 01:00:00+02:00,2.552887515516388
2017-05-13 07:00:00+02:00,16.751405532120835
2017-05-13 13:00:00+02:00,42.39482460899238
2017-05-13 19:00:00+02:00,4.990049167151779
2017-05-14 01:00:00+02:00,1.314138812307324
2017-05-14 07:00:00+02:00,86.49058506881323
2017-05-14 13:00:00+02:00,36.28725246165379
2017-05-14 19:00:00+02:00,1.1011350799395792
2017-05-15 01:00:00+02:00,37.628809015495115
2017-05-15 07:00:00+02:00,75.10261890482215
2017-05-15 13:00:00+02:00,87.17079879115104
2017-05-15 19:00:00+02:00,5.142525350611404
2017-05-16 01:00:00+02:00,0.3539621060320387
2017-05-16 07:00:00+02:00,55.764242180112376
2017-05-16 13:00:00+02:00,15.746319330440675
2017-05-16 19:00:00+02:00,4.891012295082822
2017-05-17 01:00:00+02:00,1.3632451875771783
2017-05-17 07:00:00+02:00,88.92504231265951
2017-05-17 13:00:00+02:00,84.46147129356606
2017-05-17 19:00:00+02:00,15.059751280492714
2017-05-18 01:00:00+02:00,1.796085742758215
2017-05-18 07:00:00+02:00,90.9863487803995
2017-05-18 13:00:00+02:00,84.80723607436758
2017-05-18 19:00:00+02:00,1.2920573924423502
2017-05-19 01:00:00+02:00,1.6888860140722168
2017-05-19 07:00:00+02:00,87.23176192095457
2017-05-19 13:00:00+02:00,81.28925326723945
2017-05-19 19:00:00+02:00,4.768513737789736
2017-05-20 01:00:00+02:00,2.7266250276513375
2017-05-20 07:00:00+02:00,55.42065542183264
2017-05-20 13:00:00+02:00,59.202440342280596
2017-05-20 19:00:00+02:00,3.5842635330912427
2017-05-21 01:00:00+02:00,1.7035752510810223
2017-05-21 07:00:00+02:00,92.37017332457201
2017-05-21 13:00:00+02:00,77.84474990281241
2017-05-21 19:00:00+02:00,2.0374945419753865
2017-05-22 01:00:00+02:00,35.3647904335328
2017-05-22 07:00:00+02:00,87.7588620119991
2017-05-22 13:00:00+02:00,75.14903767048024
2017-05-22 19:00:00+02:00,1.5798308011293334
2017-05-23 01:00:00+02:00,2.4485441984920153
2017-05-23 07:00:00+02:00,88.12860243835601
2017-05-23 13:00:00+02:00,58.69883699230057
2017-05-23 19:00:00+02:00,4.265723366059265
2017-05-24 01:00:00+02:00,2.455080009830204
2017-05-24 07:00:00+02:00,28.66821000128892
2017-05-24 13:00:00+02:00,33.207762096301124
2017-05-24 19:00:00+02:00,15.57460915137626
2017-05-25 01:00:00+02:00,2.278892456647667
2017-05-25 07:00:00+02:00,66.55770871092757
2017-05-25 13:00:00+02:00,47.87629210662246
2017-05-25 19:00:00+02:00,1.0797530819342311
2017-05-26 01:00:00+02:00,0.6072485917724432
2017-05-26 07:00:00+02:00,49.21264040965811
2017-05-26 13:00:00+02:00,72.7411164418873
2017-05-26 19:00:00+02:00,1.3869867760228674
2017-05-27 01:00:00+02:00,3.27750463479696
2017-05-27 07:00:00+02:00,93.1981180646803
2017-05-27 13:00:00+02:00,88.57642462615985
2017-05-27 19:00:00+02:00,0.5341335363118938
2017-05-28 01:00:00+02:00,3.4003823800904325
2017-05-28 07:00:00+02:00,90.72964071739929
2017-05-28 13:00:00+02:00,73.901243808833
2017-05-28 19:00:00+02:00,2.67790172519498
2017-05-29 01:00:00+02:00,33.02648571694476
2017-05-29 07:00:00+02:00,89.05413292493603
2017-05-29 13:00:00+02:00,81.83620011393809
2017-05-29 19:00:00+02:00,1.6485013565674616
2017-05-30 01:00:00+02:00,1.089876514488234
2017-05-30 07:00:00+02:00,65.87215957089975
2017-05-30 13:00:00+02:00,14.754313171568961
2017-05-30 19:00:00+02:00,6.708970000546451
2017-05-31 01:00:00+02:00,0.9225716105185453
2017-05-31 07:00:00+02:00,69.79051192247614
2017-05-31 13:00:00+02:00,87.21342222588997
2017-05-31 19:00:00+02:00,13.315765099479467
2017-06-01 01:00:00+02:00,3.6984390124759714
2017-06-01 07:00:00+02:00,100.26122371758086
2017-06-01 13:00:00+02:00,93.65612039230275
2017-06-01 19:00:00+02:00,0.7547046434330499
2017-06-02 01:00:00+02:00,3.6502646414004527
2017-06-02 07:00:00+02:00,95.42382345859968
2017-06-02 13:00:00+02:00,92.74208502081935
2017-06-02 19:00:00+02:00,1.2845151959559522
2017-06-03 01:00:00+02:00,3.4234662971896825
2017-06-03 07:00:00+02:00,55.179760579664304
2017-06-03 13:00:00+02:00,34.36958391911248
2017-06-03 19:00:00+02:00,4.131903918226855
2017-06-04 01:00:00+02:00,1.5631579395169355
2017-06-04 07:00:00+02:00,9.336428141267202
2017-06-04 13:00:00+02:00,35.0663302943613
2017-06-04 19:00:00+02:00,2.4416440424541284
2017-06-05 01:00:00+02:00,37.194691415334155
2017-06-05 07:00:00+02:00,88.6465463966583
2017-06-05 13:00:00+02:00,51.85722388623155
2017-06-05 19:00:00+02:00,3.4812237721565586
2017-06-06 01:00:00+02:00,1.6811650284874524
2017-06-06 07:00:00+02:00,59.99544121135424
2017-06-06 13:00:00+02:00,39.72459748497379
2017-06-06 19:00:00+02:00,4.704555035593402
2017-06-07 01:00:00+02:00,0.9191577244524949
2017-06-07 07:00:00+02:00,70.35242210424354
2017-06-07 13:00:00+02:00,73.08082139444974
2017-06-07 19:00:00+02:00,15.977681727623361
2017-06-08 01:00:00+02:00,1.7406643548800549
2017-06-08 07:00:00+02:00,65.42869428226645
2017-06-08 13:00:00+02:00,51.125556769547664
2017-06-08 19:00:00+02:00,2.771702851403953
2017-06-09 01:00:00+02:00,2.948903897423392
2017-06-09 07:00:00+02:00,92.73893288879117
2017-06-09 13:00:00+02:00,80.18075312067324
2017-06-09 19:00:00+02:00,4.545914093133073
2017-06-10 01:00:00+02:00,3.817203942419168
2017-06-10 07:00:00+02:00,89.67480213744254
2017-06-10 13:00:00+02:00,76.09607232085082
2017-06-10 19:00:00+02:00,2.524574999372736
2017-06-11 01:00:00+02:00,2.2025675630220105
2017-06-11 07:00:00+02:00,92.23393179222728
2017-06-11 13:00:00+02:00,79.86695902806265
2017-06-11 19:00:00+02:00,5.104533494127274
2017-06-12 01:00:00+02:00,36.67718336786233
2017-06-12 07:00:00+02:00,75.59285784443479
2017-06-12 13:00:00+02:00,63.39828611483197
2017-06-12 19:00:00+02:00,1.4959465660563456
2017-06-13 01:00:00+02:00,2.9953097881369777
2017-06-13 07:00:00+02:00,41.688905083553884
2017-06-13 13:00:00+02:00,13.070820929996074
2017-06-13 19:00:00+02:00,1.1540580207080844
2017-06-14 01:00:00+02:00,3.93245362689005
2017-06-14 07:00:00+02:00,87.72737788935265
2017-06-14 13:00:00+02:00,95.01709140763039
2017-06-14 19:00:00+02:00,10.832638196361662
2017-06-15 01:00:00+02:00,1.9457508015708704
2017-06-15 07:00:00+02:00,93.65916504618914
2017-06-15 13:00:00+02:00,84.34672279748389
2017-06-15 19:00:00+02:00,1.1980260710476005
2017-06-16 01:00:00+02:00,0.9492464137911858
2017-06-16 07:00:00+02:00,61.916732498575776
2017-06-16 13:00:00+02:00,44.94876638435543
2017-06-16 19:00:00+02:00,1.3482190502103135
2017-06-17 01:00:00+02:00,1.5652498990414452
2017-06-17 07:00:00+02:00,54.712052387753374
2017-06-17 13:00:00+02:00,81.0692999686856
2017-06-17 19:00:00+02:00,1.0088725697356253
2017-06-18 01:00:00+02:00,4.195200289159282
2017-06-18 07:00:00+02:00,94.72113265351254
2017-06-18 13:00:00+02:00,91.53871266791693
2017-06-18 19:00:00+02:00,1.8360253088049279
2017-06-19 01:00:00+02:00,32.5295141220576
2017-06-19 07:00:00+02:00,89.13147700017514
2017-06-19 13:00:00+02:00,83.97251367717537
2017-06-19 19:00:00+02:00,1.6222709488565041
2017-06-20 01:00:00+02:00,2.7967029001965975
2017-06-20 07:00:00+02:00,81.75420329875249
2017-06-20 13:00:00+02:00,52.82812782488073
2017-06-20 19:00:00+02:00,0.8793126293583448
2017-06-21 01:00:00+02:00,3.975816613206219
2017-06-21 07:00:00+02:00,96.74858478604757
2017-06-21 13:00:00+02:00,91.26181598321715
2017-06-21 19:00:00+02:00,11.167506571467138
2017-06-22 01:00:00+02:00,3.2224032477727054
2017-06-22 07:00:00+02:00,79.18653035266057
2017-06-22 13:00:00+02:00,13.935999340698979
2017-06-22 19:00:00+02:00,2.5190838698859612
2017-06-23 01:00:00+02:00,0.3817916957194334
2017-06-23 07:00:00+02:00,43.658033894546264
2017-06-23 13:00:00+02:00,45.17860469659477
2017-06-23 19:00:00+02:00,2.6705622915593246
2017-06-24 01:00:00+02:00,1.8132886632341008
2017-06-24 07:00:00+02:00,23.159408990596134
2017-06-24 13:00:00+02:00,47.24365763879852
2017-06-24 19:00:00+02:00,0.65586108451985
2017-06-25 01:00:00+02:00,1.1727403726109396
2017-06-25 07:00:00+02:00,44.32967900871289
2017-06-25 13:00:00+02:00,41.84448493617411
2017-06-25 19:00:00+02:00,2.2719903199548694
2017-06-26 01:00:00+02:00,37.498388308684554
2017-06-26 07:00:00+02:00,58.04393582893248
2017-06-26 13:00:00+02:00,57.35937174900501
2017-06-26 19:00:00+02:00,0.7309075203754345
2017-06-27 01:00:00+02:00,0.918310244970705
2017-06-27 07:00:00+02:00,78.76047342405367
2017-06-27 13:00:00+02:00,61.07521579851118
2017-06-27 19:00:00+02:00,1.0312960578030532
2017-06-28 01:00:00+02:00,0.634834643240224
2017-06-28 07:00:00+02:00,89.79673540091746
2017-06-28 13:00:00+02:00,51.37367979091092
2017-06-28 19:00:00+02:00,13.927108297356217
2017-06-29 01:00:00+02:00,0.1875150188486601
2017-06-29 07:00:00+02:00,16.104884359748276
2017-06-29 13:00:00+02:00,1.1234842352935561
2017-06-29 19:00:00+02:00,4.813616722373751
2017-06-30 01:00:00+02:00,1.8097952664008814
2017-06-30 07:00:00+02:00,21.251634678696806
2017-06-30 13:00:00+02:00,29.165003200272427
2017-06-30 19:00:00+02:00,5.119665224471525
2017-07-01 01:00:00+02:00,1.9936765141679076
2017-07-01 07:00:00+02:00,40.782176491901524
2017-07-01 13:00:00+02:00,33.01007495314291
2017-07-01 19:00:00+02:00,4.364218968955425
2017-07-02 01:00:00+02:00,2.0221191465909403
2017-07-02 07:00:00+02:00,54.344384967777025
2017-07-02 13:00:00+02:00,20.43123322695673
2017-07-02 19:00:00+02:00,1.108652435280258
2017-07-03 01:00:00+02:00,32.81274245391663
2017-07-03 07:00:00+02:00,93.88068272746774
2017-07-03 13:00:00+02:00,89.17724032713134
2017-07-03 19:00:00+02:00,0.6747466745753234
2017-07-04 01:00:00+02:00,0.7372811056552212
2017-07-04 07:00:00+02:00,69.22578186876798
2017-07-04 13:00:00+02:00,60.21008904285131
2017-07-04 19:00:00+02:00,1.9512934643741067
2017-07-05 01:00:00+02:00,1.6308552071793578
2017-07-05 07:00:00+02:00,46.65226380864693
2017-07-05 13:00:00+02:00,66.65388494718324
2017-07-05 19:00:00+02:00,10.737064173008054
2017-07-06 01:00:00+02:00,0.4412301166235018
2017-07-06 07:00:00+02:00,68.45738371778398
2017-07-06 13:00:00+02:00,64.62001094453991
2017-07-06 19:00:00+02:00,2.0958346863694275
2017-07-07 01:00:00+02:00,0.9744340917080982
2017-07-07 07:00:00+02:00,26.805718225184116
2017-07-07 13:00:00+02:00,69.99791458198206
2017-07-07 19:00:00+02:00,1.611240983434013
2017-07-08 01:00:00+02:00,0.26750483727397667
2017-07-08 07:00:00+02:00,34.41348565599336
2017-07-08 13:00:00+02:00,77.9361586057758
2017-07-08 19:00:00+02:00,3.104546872476194
2017-07-09 01:00:00+02:00,2.228050917743961
2017-07-09 07:00:00+02:00,60.53184723598773
2017-07-09 13:00:00+02:00,86.3504965537818
2017-07-09 19:00:00+02:00,0.7608763547445264
2017-07-10 01:00:00+02:00,33.22422474152871
2017-07-10 07:00:00+02:00,19.21753982306037
2017-07-10 13:00:00+02:00,31.093577072524177
2017-07-10 19:00:00+02:00,2.413057035719629
2017-07-11 01:00:00+02:00,0.8528772766222643
2017-07-11 07:00:00+02:00,78.75367903794324
2017-07-11 13:00:00+02:00,40.20849031271014
2017-07-11 19:00:00+02:00,1.926871936292248
2017-07-12 01:00:00+02:00,1.6446503994113033
2017-07-12 07:00:00+02:00,62.11936087198703
2017-07-12 13:00:00+02:00,13.9104748310764
2017-07-12 19:00:00+02:00,15.470866739955259
2017-07-13 01:00:00+02:00,0.7153308194388388
2017-07-13 07:00:00+02:00,48.70333523851089
2017-07-13 13:00:00+02:00,49.67727884687573
2017-07-13 19:00:00+02:00,0.6994167980041008
2017-07-14 01:00:00+02:00,2.0843042481093645
2017-07-14 07:00:00+02:00,52.60563478327911
2017-07-14 13:00:00+02:00,92.17163659997567
2017-07-14 19:00:00+02:00,1.1957704928155355
2017-07-15 01:00:00+02:00,1.097461447731492
2017-07-15 07:00:00+02:00,88.69573183489074
2017-07-15 13:00:00+02:00,61.56486717260896
2017-07-15 19:00:00+02:00,4.295087168808487
2017-07-16 01:00:00+02:00,2.0322723971179313
2017-07-16 07:00:00+02:00,70.43009355887423
2017-07-16 13:00:00+02:00,34.20712088774279
2017-07-16 19:00:00+02:00,4.157926659787691
2017-07-17 01:00:00+02:00,36.98459245742793
2017-07-17 07:00:00+02:00,89.9241702898215
2017-07-17 13:00:00+02:00,81.01692344249606
2017-07-17 19:00:00+02:00,2.0639870584867066
2017-07-18 01:00:00+02:00,1.7583298750828757
2017-07-18 07:00:00+02:00,84.9955316787369
2017-07-18 13:00:00+02:00,69.29276893231648
2017-07-18 19:00:00+02:00,1.016931967654968
2017-07-19 01:00:00+02:00,1.6362580905138586
2017-07-19 07:00:00+02:00,89.0016033829197
2017-07-19 13:00:00+02:00,80.62806204758172
2017-07-19 19:00:00+02:00,12.25508994796436
2017-07-20 01:00:00+02:00,1.154953160789879
2017-07-20 07:00:00+02:00,86.35608375698787
2017-07-20 13:00:00+02:00,60.20892434531461
2017-07-20 19:00:00+02:00,2.2541938200704075
2017-07-21 01:00:00+02:00,0.49487085358319094
2017-07-21 07:00:00+02:00,75.55583752256165
2017-07-21 13:00:00+02:00,78.969104757476
2017-07-21 19:00:00+02:00,1.7077900886119026
2017-07-22 01:00:00+02:00,1.773702537340103
2017-07-22 07:00:00+02:00,61.02557497706529
2017-07-22 13:00:00+02:00,25.338082019189866
2017-07-22 19:00:00+02:00,3.52521435201677
2017-07-23 01:00:00+02:00,1.4962964087976052
2017-07-23 07:00:00+02:00,37.4635293583192
2017-07-23 13:00:00+02:00,67.33721007393042
2017-07-23 19:00:00+02:00,2.5060590075434073
2017-07-24 01:00:00+02:00,35.27721159038198
2017-07-24 07:00:00+02:00,76.52866497968289
2017-07-24 13:00:00+02:00,59.24470437594322
2017-07-24 19:00:00+02:00,4.532491223447617
2017-07-25 01:00:00+02:00,2.6846989224674065
2017-07-25 07:00:00+02:00,21.246961079229923
2017-07-25 13:00:00+02:00,7.683212045569185
2017-07-25 19:00:00+02:00,3.9143979568985645
2017-07-26 01:00:00+02:00,2.571756436062397
2017-07-26 07:00:00+02:00,5.798291018094216
2017-07-26 13:00:00+02:00,3.1027833268283493
2017-07-26 19:00:00+02:00,17.009170698362258
2017-07-27 01:00:00+02:00,1.4028861373931385
2017-07-27 07:00:00+02:00,75.45893428102457
2017-07-27 13:00:00+02:00,37.60213686853962
2017-07-27 19:00:00+02:00,1.7638585260293562
2017-07-28 01:00:00+02:00,0.6319434229391329
2017-07-28 07:00:00+02:00,81.61693485147396
2017-07-28 13:00:00+02:00,81.49702327293934
2017-07-28 19:00:00+02:00,1.7231421203154957
2017-07-29 01:00:00+02:00,1.5327477048004299
2017-07-29 07:00:00+02:00,51.13684749838444
2017-07-29 13:00:00+02:00,63.110535662218325
2017-07-29 19:00:00+02:00,2.9785188905808497
2017-07-30 01:00:00+02:00,0.39132329901163476
2017-07-30 07:00:00+02:00,84.21100551699136
2017-07-30 13:00:00+02:00,75.03132670442443
2017-07-30 19:00:00+02:00,2.1278920737188343
2017-07-31 01:00:00+02:00,37.30959620105519
2017-07-31 07:00:00+02:00,80.15415984934954
2017-07-31 13:00:00+02:00,80.07441094757095
2017-07-31 19:00:00+02:00,1.0743074237158352
2017-08-01 01:00:00+02:00,2.340971136778643
2017-08-01 07:00:00+02:00,67.44389439368432
2017-08-01 13:00:00+02:00,50.850703590687175
2017-08-01 19:00:00+02:00,3.48205822184817
2017-08-02 01:00:00+02:00,1.0541509472653987
2017-08-02 07:00:00+02:00,63.08771105614942
2017-08-02 13:00:00+02:00,67.93198817862638
2017-08-02 19:00:00+02:00,15.937509994909387
2017-08-03 01:00:00+02:00,1.4014787922725873
2017-08-03 07:00:00+02:00,27.62832843121882
2017-08-03 13:00:00+02:00,56.10767895477726
2017-08-03 19:00:00+02:00,0.5341852272076508
2017-08-04 01:00:00+02:00,0.3907610807611524
2017-08-04 07:00:00+02:00,75.85336941125429
2017-08-04 13:00:00+02:00,72.90409011057551
2017-08-04 19:00:00+02:00,0.8175085144588683
2017-08-05 01:00:00+02:00,0.46802104307906234
2017-08-05 07:00:00+02:00,71.74261881464989
2017-08-05 13:00:00+02:00,22.19425661002472
2017-08-05 19:00:00+02:00,1.9909824759403099
2017-08-06 01:00:00+02:00,0.22675788014567844
2017-08-06 07:00:00+02:00,80.41721611446756
2017-08-06 13:00:00+02:00,84.05386782811169
2017-08-06 19:00:00+02:00,0.7161444429318339
2017-08-07 01:00:00+02:00,35.92932341543151
2017-08-07 07:00:00+02:00,85.70743449150709
2017-08-07 13:00:00+02:00,64.56565843458534
2017-08-07 19:00:00+02:00,0.6846479003056434
2017-08-08 01:00:00+02:00,0.17607357416074151
2017-08-08 07:00:00+02:00,86.56828831171381
2017-08-08 13:00:00+02:00,55.22961028851802
2017-08-08 19:00:00+02:00,1.9204928347089996
2017-08-09 01:00:00+02:00,1.5222045004377047
2017-08-09 07:00:00+02:00,79.770305562302
2017-08-09 13:00:00+02:00,81.06905127625768
2017-08-09 19:00:00+02:00,11.748020350868867
2017-08-10 01:00:00+02:00,1.8784394956717274
2017-08-10 07:00:00+02:00,48.5454669137001
2017-08-10 13:00:00+02:00,69.68046977462484
2017-08-10 19:00:00+02:00,3.2693075870971167
2017-08-11 01:00:00+02:00,2.2049685779236694
2017-08-11 07:00:00+02:00,9.919338868450943
2017-08-11 13:00:00+02:00,28.477027568441464
2017-08-11 19:00:00+02:00,5.2653534392417525
2017-08-12 01:00:00+02:00,2.6957976324006165
2017-08-12 07:00:00+02:00,19.534679865474455
2017-08-12 13:00:00+02:00,36.34312682701041
2017-08-12 19:00:00+02:00,4.107256253431035
2017-08-13 01:00:00+02:00,2.0794645547889834
2017-08-13 07:00:00+02:00,63.13914964656778
2017-08-13 13:00:00+02:00,47.694919202517276
2017-08-13 19:00:00+02:00,4.258327734328468
2017-08-14 01:00:00+02:00,37.66355800745668
2017-08-14 07:00:00+02:00,79.09802978784074
2017-08-14 13:00:00+02:00,60.339886905866805
2017-08-14 19:00:00+02:00,2.4213237358920146
2017-08-15 01:00:00+02:00,1.0542000300975443
2017-08-15 07:00:00+02:00,32.669919383559275
2017-08-15 13:00:00+02:00,52.17710881315591
2017-08-15 19:00:00+02:00,3.9984621626932877
2017-08-16 01:00:00+02:00,2.0163951939805114
2017-08-16 07:00:00+02:00,7.911917747781313
2017-08-16 13:00:00+02:00,50.30758937345654
2017-08-16 19:00:00+02:00,15.476730359565133
2017-08-17 01:00:00+02:00,1.2210956149136798
2017-08-17 07:00:00+02:00,82.8223141541593
2017-08-17 13:00:00+02:00,53.11973616427309
2017-08-17 19:00:00+02:00,4.308667568690013
2017-08-18 01:00:00+02:00,1.826530386531451
2017-08-18 07:00:00+02:00,63.30289197672987
2017-08-18 13:00:00+02:00,31.84912854522986
2017-08-18 19:00:00+02:00,4.916001963762745
2017-08-19 01:00:00+02:00,2.082742004911642
2017-08-19 07:00:00+02:00,56.02058846781562
2017-08-19 13:00:00+02:00,73.56176422479402
2017-08-19 19:00:00+02:00,2.5837038649955333
2017-08-20 01:00:00+02:00,2.095512406317529
2017-08-20 07:00:00+02:00,67.01973774311186
2017-08-20 13:00:00+02:00,73.33283099663204
2017-08-20 19:00:00+02:00,2.511768983760765
2017-08-21 01:00:00+02:00,38.168989498162425
2017-08-21 07:00:00+02:00,39.21918085368674
2017-08-21 13:00:00+02:00,44.24260286256737
2017-08-21 19:00:00+02:00,3.793285906488463
2017-08-22 01:00:00+02:00,2.7641309316371503
2017-08-22 07:00:00+02:00,57.27035282987981
2017-08-22 13:00:00+02:00,10.886476768662947
2017-08-22 19:00:00+02:00,5.201375446138785
2017-08-23 01:00:00+02:00,2.4697135792258025
2017-08-23 07:00:00+02:00,70.65445095281684
2017-08-23 13:00:00+02:00,66.94389691540204
2017-08-23 19:00:00+02:00,15.820758222944514
2017-08-24 01:00:00+02:00,2.2010448851432862
2017-08-24 07:00:00+02:00,53.60200943850458
2017-08-24 13:00:00+02:00,55.945173122070045
2017-08-24 19:00:00+02:00,4.28435118737343
2017-08-25 01:00:00+02:00,2.4710525864974877
2017-08-25 07:00:00+02:00,52.45731951146526
2017-08-25 13:00:00+02:00,64.53436601860837
2017-08-25 19:00:00+02:00,4.371216217540956
2017-08-26 01:00:00+02:00,1.870747473535212
2017-08-26 07:00:00+02:00,44.54158040285071
2017-08-26 13:00:00+02:00,47.43584786212222
2017-08-26 19:00:00+02:00,5.0427467164273985
2017-08-27 01:00:00+02:00,2.623718618226331
2017-08-27 07:00:00+02:00,58.570868248269456
2017-08-27 13:00:00+02:00,75.68153290855723
2017-08-27 19:00:00+02:00,4.528980746016201
2017-08-28 01:00:00+02:00,38.43182241789626
2017-08-28 07:00:00+02:00,75.58558822807458
2017-08-28 13:00:00+02:00,79.33532348531357
2017-08-28 19:00:00+02:00,3.8492959699141855
2017-08-29 01:00:00+02:00,2.6273771443027716
2017-08-29 07:00:00+02:00,80.36263379572975
2017-08-29 13:00:00+02:00,53.31401060204609
2017-08-29 19:00:00+02:00,5.266679038190528
2017-08-30 01:00:00+02:00,2.0714310940744687
2017-08-30 07:00:00+02:00,75.66466656680842
2017-08-30 13:00:00+02:00,60.65919239002565
2017-08-30 19:00:00+02:00,16.572892654576755
2017-08-31 01:00:00+02:00,2.1037963639440145
2017-08-31 07:00:00+02:00,55.35346725892622
2017-08-31 13:00:00+02:00,32.108523494845045
2017-08-31 19:00:00+02:00,5.676339299188092
2017-09-01 01:00:00+02:00,2.406569206887471
2017-09-01 07:00:00+02:00,48.54631742586716
2017-09-01 13:00:00+02:00,13.51747174055733
2017-09-01 19:00:00+02:00,5.601123279226878
2017-09-02 01:00:00+02:00,2.4298456219286524
2017-09-02 07:00:00+02:00,62.31989874235988
2017-09-02 13:00:00+02:00,39.19786657511328
2017-09-02 19:00:00+02:00,5.503206833656293
2017-09-03 01:00:00+02:00,2.770890597016363
2017-09-03 07:00:00+02:00,56.660064685388114
2017-09-03 13:00:00+02:00,44.414170793810634
2017-09-03 19:00:00+02:00,5.497878418799692
2017-09-04 01:00:00+02:00,38.541583028296294
2017-09-04 07:00:00+02:00,77.12946642769961
2017-09-04 13:00:00+02:00,72.6292937860901
2017-09-04 19:00:00+02:00,5.68247740172002
2017-09-05 01:00:00+02:00,2.755450793892502
2017-09-05 07:00:00+02:00,77.7684774561091
2017-09-05 13:00:00+02:00,48.97200118138051
2017-09-05 19:00:00+02:00,6.583082046477035
2017-09-06 01:00:00+02:00,2.5858666711038767
2017-09-06 07:00:00+02:00,16.990314059130288
2017-09-06 13:00:00+02:00,29.956045580702245
2017-09-06 19:00:00+02:00,17.992488484065614
2017-09-07 01:00:00+02:00,2.8587691592413345
2017-09-07 07:00:00+02:00,36.710440659208686
2017-09-07 13:00:00+02:00,30.649203369827262
2017-09-07 19:00:00+02:00,6.115628353204637
2017-09-08 01:00:00+02:00,2.5829876506113565
2017-09-08 07:00:00+02:00,19.58988217478739
2017-09-08 13:00:00+02:00,14.223877034895091
2017-09-08 19:00:00+02:00,5.850192566396299
2017-09-09 01:00:00+02:00,2.3434532415539326
2017-09-09 07:00:00+02:00,9.958345839819899
2017-09-09 13:00:00+02:00,22.502035342106673
2017-09-09 19:00:00+02:00,6.640009711939521
2017-09-10 01:00:00+02:00,2.6291181736528406
2017-09-10 07:00:00+02:00,51.00674198736469
2017-09-10 13:00:00+02:00,53.420951092153715
2017-09-10 19:00:00+02:00,5.977827172052605
2017-09-11 01:00:00+02:00,38.401673536913336
2017-09-11 07:00:00+02:00,60.853884952745354
2017-09-11 13:00:00+02:00,36.33381308371407
2017-09-11 19:00:00+02:00,6.139326952144077
2017-09-12 01:00:00+02:00,3.334619163886355
2017-09-12 07:00:00+02:00,47.266402090763656
2017-09-12 13:00:00+02:00,21.191512132307857
2017-09-12 19:00:00+02:00,6.905218539384704
2017-09-13 01:00:00+02:00,3.0437762232373515
2017-09-13 07:00:00+02:00,21.923021967578297
2017-09-13 13:00:00+02:00,62.799422968899854
2017-09-13 19:00:00+02:00,18.371551750941027
2017-09-14 01:00:00+02:00,3.194272956881064
2017-09-14 07:00:00+02:00,19.096698178416712
2017-09-14 13:00:00+02:00,29.3745487666961
2017-09-14 19:00:00+02:00,6.418650477096838
2017-09-15 01:00:00+02:00,3.057412845749533
2017-09-15 07:00:00+02:00,48.26385105404341
2017-09-15 13:00:00+02:00,37.68227997736411
2017-09-15 19:00:00+02:00,7.05480042409406
2017-09-16 01:00:00+02:00,3.2989286829643136
2017-09-16 07:00:00+02:00,68.45335127193852
2017-09-16 13:00:00+02:00,39.700795178448445
2017-09-16 19:00:00+02:00,7.09185342901843
2017-09-17 01:00:00+02:00,3.062680107610661
2017-09-17 07:00:00+02:00,65.8900015833138
2017-09-17 13:00:00+02:00,39.21282634790635
2017-09-17 19:00:00+02:00,6.499707723415374
2017-09-18 01:00:00+02:00,38.886954590031934
2017-09-18 07:00:00+02:00,71.56887032734602
2017-09-18 13:00:00+02:00,47.05388069397395
2017-09-18 19:00:00+02:00,6.3284688670942915
2017-09-19 01:00:00+02:00,3.502197416322665
2017-09-19 07:00:00+02:00,71.80762016287096
2017-09-19 13:00:00+02:00,18.9105376462461
2017-09-19 19:00:00+02:00,8.245576286451795
2017-09-20 01:00:00+02:00,3.182564661365936
2017-09-20 07:00:00+02:00,50.08707876770705
2017-09-20 13:00:00+02:00,50.97264853855877
2017-09-20 19:00:00+02:00,18.454585223348516
2017-09-21 01:00:00+02:00,2.7673079356355568
2017-09-21 07:00:00+02:00,51.721136388081
2017-09-21 13:00:00+02:00,21.47081499871645
2017-09-21 19:00:00+02:00,6.62087555334899
2017-09-22 01:00:00+02:00,2.644386379110484
2017-09-22 07:00:00+02:00,60.13392787498964
2017-09-22 13:00:00+02:00,53.927435996496484
2017-09-22 19:00:00+02:00,6.154950884356096
2017-09-23 01:00:00+02:00,2.9333995375985027
2017-09-23 07:00:00+02:00,44.33266857410575
2017-09-23 13:00:00+02:00,17.857777771220302
2017-09-23 19:00:00+02:00,6.0637245022079425
2017-09-24 01:00:00+02:00,2.5495195110455358
2017-09-24 07:00:00+02:00,5.0427391736065506
2017-09-24 13:00:00+02:00,16.1320665710086
2017-09-24 19:00:00+02:00,5.856664533045771
2017-09-25 01:00:00+02:00,38.88514543090496
2017-09-25 07:00:00+02:00,5.783642121738954
2017-09-25 13:00:00+02:00,10.992392526944185
2017-09-25 19:00:00+02:00,5.397199315406538
2017-09-26 01:00:00+02:00,2.7994180894113234
2017-09-26 07:00:00+02:00,25.55527869394097
2017-09-26 13:00:00+02:00,7.9350576485360715
2017-09-26 19:00:00+02:00,6.5505625074155835
2017-09-27 01:00:00+02:00,2.5771852924274845
2017-09-27 07:00:00+02:00,21.24634425330892
2017-09-27 13:00:00+02:00,26.697899607230557
2017-09-27 19:00:00+02:00,17.714335834028454
2017-09-28 01:00:00+02:00,2.507617877558487
2017-09-28 07:00:00+02:00,58.081011331954954
2017-09-28 13:00:00+02:00,39.31187835764249
2017-09-28 19:00:00+02:00,6.115547487838387
2017-09-29 01:00:00+02:00,2.458760211234489
2017-09-29 07:00:00+02:00,57.76577799423719
2017-09-29 13:00:00+02:00,55.34054424465644
2017-09-29 19:00:00+02:00,5.712620850960975
2017-09-30 01:00:00+02:00,2.7944254590323228
2017-09-30 07:00:00+02:00,61.389710789685935
2017-09-30 13:00:00+02:00,52.97980585328612
2017-09-30 19:00:00+02:00,6.333519131968448
2017-10-01 01:00:00+02:00,3.0594706485523866
2017-10-01 07:00:00+02:00,0.4834696088427956
2017-10-01 13:00:00+02:00,6.943301288168251
2017-10-01 19:00:00+02:00,6.237689367325442
2017-10-02 01:00:00+02:00,39.15200494390715
2017-10-02 07:00:00+02:00,21.329606826654643
2017-10-02 13:00:00+02:00,3.2953829563148367
2017-10-02 19:00:00+02:00,6.590894636113365
2017-10-03 01:00:00+02:00,3.137081287451244
2017-10-03 07:00:00+02:00,26.435624417466315
2017-10-03 13:00:00+02:00,15.530061542132643
2017-10-03 19:00:00+02:00,6.615751652698419
2017-10-04 01:00:00+02:00,3.3141374976763736
2017-10-04 07:00:00+02:00,19.344198403236355
2017-10-04 13:00:00+02:00,8.584656974247517
2017-10-04 19:00:00+02:00,18.847010134513976
2017-10-05 01:00:00+02:00,3.4842891364131137
2017-10-05 07:00:00+02:00,2.3169696927406913
2017-10-05 13:00:00+02:00,3.635889167380117
2017-10-05 19:00:00+02:00,7.518733288914657
2017-10-06 01:00:00+02:00,3.8722500774756528
2017-10-06 07:00:00+02:00,5.6642850771278415
2017-10-06 13:00:00+02:00,13.029830899404313
2017-10-06 19:00:00+02:00,7.681932390981268
2017-10-07 01:00:00+02:00,3.8828744839969023
2017-10-07 07:00:00+02:00,22.06169146441145
2017-10-07 13:00:00+02:00,9.983797758198442
2017-10-07 19:00:00+02:00,7.580809833096826
2017-10-08 01:00:00+02:00,3.7398684648721425
2017-10-08 07:00:00+02:00,28.045089009004815
2017-10-08 13:00:00+02:00,52.019680117117474
2017-10-08 19:00:00+02:00,7.67304762848062
2017-10-09 01:00:00+02:00,40.66408492445077
2017-10-09 07:00:00+02:00,62.24643611109405
2017-10-09 13:00:00+02:00,25.871488006051997
2017-10-09 19:00:00+02:00,8.931219892189848
2017-10-10 01:00:00+02:00,4.232806549483561
2017-10-10 07:00:00+02:00,3.6763669469471303
2017-10-10 13:00:00+02:00,23.59027415611663
2017-10-10 19:00:00+02:00,8.43700901071189
2017-10-11 01:00:00+02:00,3.671343802692589
2017-10-11 07:00:00+02:00,15.100971868848667
2017-10-11 13:00:00+02:00,9.071915229263967
2017-10-11 19:00:00+02:00,19.203092173842347
2017-10-12 01:00:00+02:00,3.9183209398752146
2017-10-12 07:00:00+02:00,23.400628279777422
2017-10-12 13:00:00+02:00,28.59892497563063
2017-10-12 19:00:00+02:00,7.738749444052351
2017-10-13 01:00:00+02:00,4.268519141215518
2017-10-13 07:00:00+02:00,42.76742525568638
2017-10-13 13:00:00+02:00,17.336335867463887
2017-10-13 19:00:00+02:00,7.406601784046734
2017-10-14 01:00:00+02:00,2.862483769648856
2017-10-14 07:00:00+02:00,8.919608635426446
2017-10-14 13:00:00+02:00,13.226799835327213
2017-10-14 19:00:00+02:00,6.36284524260258
2017-10-15 01:00:00+02:00,2.4646721525708757
2017-10-15 07:00:00+02:00,48.85491632511233
2017-10-15 13:00:00+02:00,41.249756388214536
2017-10-15 19:00:00+02:00,5.72184123388781
2017-10-16 01:00:00+02:00,38.43561806241681
2017-10-16 07:00:00+02:00,52.13410718399022
2017-10-16 13:00:00+02:00,37.63553418790867
2017-10-16 19:00:00+02:00,5.449199378865077
2017-10-17 01:00:00+02:00,2.6582045013501627
2017-10-17 07:00:00+02:00,48.311943326019794
2017-10-17 13:00:00+02:00,15.643498574290298
2017-10-17 19:00:00+02:00,5.58420723554654
2017-10-18 01:00:00+02:00,2.7914053114277246
2017-10-18 07:00:00+02:00,37.30878843007402
2017-10-18 13:00:00+02:00,32.70780120848896
2017-10-18 19:00:00+02:00,17.76522933254023
2017-10-19 01:00:00+02:00,3.2486072238916934
2017-10-19 07:00:00+02:00,32.450928236834464
2017-10-19 13:00:00+02:00,37.123191182540374
2017-10-19 19:00:00+02:00,7.222882141751658
2017-10-20 01:00:00+02:00,2.777627920396298
2017-10-20 07:00:00+02:00,34.64178780836525
2017-10-20 13:00:00+02:00,4.5115461625963045
2017-10-20 19:00:00+02:00,6.397465347145652
2017-10-21 01:00:00+02:00,3.4433792456633734
2017-10-21 07:00:00+02:00,8.78438195526817
2017-10-21 13:00:00+02:00,7.948833715634221
2017-10-21 19:00:00+02:00,7.032820767710059
2017-10-22 01:00:00+02:00,3.221680624305075
2017-10-22 07:00:00+02:00,31.49711966471433
2017-10-22 13:00:00+02:00,22.534550025224952
2017-10-22 19:00:00+02:00,8.608211635012728
2017-10-23 01:00:00+02:00,40.00658492584931
2017-10-23 07:00:00+02:00,3.958561652199763
2017-10-23 13:00:00+02:00,1.126561910850385
2017-10-23 19:00:00+02:00,8.889093143809575
2017-10-24 01:00:00+02:00,3.8872224309337224
2017-10-24 07:00:00+02:00,3.556182624064853
2017-10-24 13:00:00+02:00,7.556168618549421
2017-10-24 19:00:00+02:00,8.37991514597229
2017-10-25 01:00:00+02:00,2.641673330927637
2017-10-25 07:00:00+02:00,12.311888497637145
2017-10-25 13:00:00+02:00,18.09806957929615
2017-10-25 19:00:00+02:00,18.65903177128889
2017-10-26 01:00:00+02:00,3.1325607436273293
2017-10-26 07:00:00+02:00,13.476522247491937
2017-10-26 13:00:00+02:00,7.639181370757829
2017-10-26 19:00:00+02:00,7.875654754709462
2017-10-27 01:00:00+02:00,3.7487283314564164
2017-10-27 07:00:00+02:00,5.0639439620788975
2017-10-27 13:00:00+02:00,12.505722702101583
2017-10-27 19:00:00+02:00,8.462422781254668
2017-10-28 01:00:00+02:00,4.1873489049720725
2017-10-28 07:00:00+02:00,1.451294555724993
2017-10-28 13:00:00+02:00,0.6108460556542802
2017-10-28 19:00:00+02:00,9.181134302281453
2017-10-29 01:00:00+02:00,4.71579345432026
2017-10-29 06:00:00+01:00,0.7511329922637761
2017-10-29 12:00:00+01:00,10.86388896793384
2017-10-29 18:00:00+01:00,9.669866006537525
2017-10-30 00:00:00+01:00,41.903753313101745
2017-10-30 06:00:00+01:00,42.851392850421114
2017-10-30 12:00:00+01:00,27.563176917186453
2017-10-30 18:00:00+01:00,10.483781675344025
2017-10-31 00:00:00+01:00,5.753269481934688
2017-10-31 06:00:00+01:00,5.759815800801975
2017-10-31 12:00:00+01:00,18.80278853865146
2017-10-31 18:00:00+01:00,10.737408273997936
2017-11-01 00:00:00+01:00,4.600225154935434
2017-11-01 06:00:00+01:00,2.743056947749317
2017-11-01 12:00:00+01:00,5.654706850867805
2017-11-01 18:00:00+01:00,21.442010133659263
2017-11-02 00:00:00+01:00,4.463550170935347
2017-11-02 06:00:00+01:00,1.8774584790888167
2017-11-02 12:00:00+01:00,1.7271335597611324
2017-11-02 18:00:00+01:00,7.99087098462903
2017-11-03 00:00:00+01:00,4.3805247931337385
2017-11-03 06:00:00+01:00,12.939655015160723
2017-11-03 12:00:00+01:00,14.61449074405013
2017-11-03 18:00:00+01:00,9.450631866046386
2017-11-04 00:00:00+01:00,5.001558219185948
2017-11-04 06:00:00+01:00,23.962041931260945
2017-11-04 12:00:00+01:00,20.466469912759464
2017-11-04 18:00:00+01:00,8.917325759871671
2017-11-05 00:00:00+01:00,4.361982596789757
2017-11-05 06:00:00+01:00,8.395511278152183
2017-11-05 12:00:00+01:00,0.6575639134502949
2017-11-05 18:00:00+01:00,8.907063760638396
2017-11-06 00:00:00+01:00,41.593578283194745
2017-11-06 06:00:00+01:00,15.125020965771792
2017-11-06 12:00:00+01:00,28.006937086201706
2017-11-06 18:00:00+01:00,11.635028641798076
2017-11-07 00:00:00+01:00,6.6407771989880695
2017-11-07 06:00:00+01:00,33.49681868945794
2017-11-07 12:00:00+01:00,18.02167223306039
2017-11-07 18:00:00+01:00,11.427203797166577
2017-11-08 00:00:00+01:00,5.348908358961843
2017-11-08 06:00:00+01:00,18.900425274909882
2017-11-08 12:00:00+01:00,13.726336469655893
2017-11-08 18:00:00+01:00,22.591821895044692
2017-11-09 00:00:00+01:00,5.868087501276229
2017-11-09 06:00:00+01:00,6.51497946305256
2017-11-09 12:00:00+01:00,6.325028730196151
2017-11-09 18:00:00+01:00,10.397592277573933
2017-11-10 00:00:00+01:00,5.417618754548217
2017-11-10 06:00:00+01:00,5.9679502470554
2017-11-10 12:00:00+01:00,5.700613061981525
2017-11-10 18:00:00+01:00,10.070716711000722
2017-11-11 00:00:00+01:00,6.264597342351077
2017-11-11 06:00:00+01:00,1.8424883280454072
2017-11-11 12:00:00+01:00,2.3193982548696623
2017-11-11 18:00:00+01:00,10.998832171295549
2017-11-12 00:00:00+01:00,6.99689119496858
2017-11-12 06:00:00+01:00,8.536124855735618
2017-11-12 12:00:00+01:00,1.5740149755653194
2017-11-12 18:00:00+01:00,12.224754195586735
2017-11-13 00:00:00+01:00,42.645434899926656
2017-11-13 06:00:00+01:00,2.619089586402694
2017-11-13 12:00:00+01:00,7.331003081167154
2017-11-13 18:00:00+01:00,11.966632492992705
2017-11-14 00:00:00+01:00,7.216605930425433
2017-11-14 06:00:00+01:00,5.757832293143076
2017-11-14 12:00:00+01:00,21.137868106364632
2017-11-14 18:00:00+01:00,13.283910082603107
2017-11-15 00:00:00+01:00,5.191731496542109
2017-11-15 06:00:00+01:00,3.42983433794615
2017-11-15 12:00:00+01:00,5.439323690594125
2017-11-15 18:00:00+01:00,21.78764777491856
2017-11-16 00:00:00+01:00,4.991943427187008
2017-11-16 06:00:00+01:00,1.8496600149590852
2017-11-16 12:00:00+01:00,3.0348784449096553
2017-11-16 18:00:00+01:00,9.833626611108107
2017-11-17 00:00:00+01:00,5.662198262339123
2017-11-17 06:00:00+01:00,23.40341409386549
2017-11-17 12:00:00+01:00,21.360062246539194
2017-11-17 18:00:00+01:00,11.272534464753187
2017-11-18 00:00:00+01:00,6.823144239490281
2017-11-18 06:00:00+01:00,5.8407535746268895
2017-11-18 12:00:00+01:00,1.1438845657797676
2017-11-18 18:00:00+01:00,12.367430627431148
2017-11-19 00:00:00+01:00,6.88419486796708
2017-11-19 06:00:00+01:00,5.654240088632444
2017-11-19 12:00:00+01:00,2.638079008840742
2017-11-19 18:00:00+01:00,12.12493185115742
2017-11-20 00:00:00+01:00,42.95806577009609
2017-11-20 06:00:00+01:00,12.37598736224543
2017-11-20 12:00:00+01:00,5.503629175980437
2017-11-20 18:00:00+01:00,12.113295943138905
2017-11-21 00:00:00+01:00,7.436475907141313
2017-11-21 06:00:00+01:00,8.565603982372853
2017-11-21 12:00:00+01:00,33.40308766022106
2017-11-21 18:00:00+01:00,13.24084071930498
2017-11-22 00:00:00+01:00,4.678675227812165
2017-11-22 06:00:00+01:00,3.1440543621992134
2017-11-22 12:00:00+01:00,4.58060494772053
2017-11-22 18:00:00+01:00,22.198704563505295
2017-11-23 00:00:00+01:00,4.445491246767872
2017-11-23 06:00:00+01:00,10.33089840660174
2017-11-23 12:00:00+01:00,0.9429018357119779
2017-11-23 18:00:00+01:00,9.58122481642177
2017-11-24 00:00:00+01:00,4.025985422658842
2017-11-24 06:00:00+01:00,4.617622690731624
2017-11-24 12:00:00+01:00,4.109587529115032
2017-11-24 18:00:00+01:00,10.029699374963995
2017-11-25 00:00:00+01:00,6.341694452775393
2017-11-25 06:00:00+01:00,10.465725340098555
2017-11-25 12:00:00+01:00,8.358264578748779
2017-11-25 18:00:00+01:00,11.902740201542269
2017-11-26 00:00:00+01:00,7.8691885711239165
2017-11-26 06:00:00+01:00,2.4190668069834915
2017-11-26 12:00:00+01:00,4.742382550781308
2017-11-26 18:00:00+01:00,13.002314314850697
2017-11-27 00:00:00+01:00,44.0464502192625
2017-11-27 06:00:00+01:00,5.192393009650562
2017-11-27 12:00:00+01:00,1.2378102990023736
2017-11-27 18:00:00+01:00,10.542735200917628
2017-11-28 00:00:00+01:00,6.212005988197586
2017-11-28 06:00:00+01:00,2.537369104142599
2017-11-28 12:00:00+01:00,26.777343013675942
2017-11-28 18:00:00+01:00,12.395582934047082
2017-11-29 00:00:00+01:00,7.138184661999731
2017-11-29 06:00:00+01:00,15.290684529583285
2017-11-29 12:00:00+01:00,13.835759788355437
2017-11-29 18:00:00+01:00,25.236625881888465
2017-11-30 00:00:00+01:00,8.241258249041021
2017-11-30 06:00:00+01:00,12.853137964669608
2017-11-30 12:00:00+01:00,0.4853792233700226
2017-11-30 18:00:00+01:00,14.275770339242804
2017-12-01 00:00:00+01:00,8.222592609713193
2017-12-01 06:00:00+01:00,3.864699205325618
2017-12-01 12:00:00+01:00,9.710445011112299
2017-12-01 18:00:00+01:00,15.082004465144513
2017-12-02 00:00:00+01:00,8.162361607364764
2017-12-02 06:00:00+01:00,0.9625336392293592
2017-12-02 12:00:00+01:00,3.925320710834667
2017-12-02 18:00:00+01:00,14.386405381514125
2017-12-03 00:00:00+01:00,9.621069473132424
2017-12-03 06:00:00+01:00,15.205713481292054
2017-12-03 12:00:00+01:00,5.294762864839575
2017-12-03 18:00:00+01:00,15.08261368141571
2017-12-04 00:00:00+01:00,43.369834881551164
2017-12-04 06:00:00+01:00,1.540709395025252
2017-12-04 12:00:00+01:00,3.412335663412435
2017-12-04 18:00:00+01:00,13.603643467683288
2017-12-05 00:00:00+01:00,7.0677461630389455
2017-12-05 06:00:00+01:00,6.8586131486259125
2017-12-05 12:00:00+01:00,32.24584740101585
2017-12-05 18:00:00+01:00,11.208194900130481
2017-12-06 00:00:00+01:00,5.576546636125101
2017-12-06 06:00:00+01:00,8.88413588561811
2017-12-06 12:00:00+01:00,7.835257115758557
2017-12-06 18:00:00+01:00,23.447212768098577
2017-12-07 00:00:00+01:00,5.898383397957993
2017-12-07 06:00:00+01:00,10.253318363598403
2017-12-07 12:00:00+01:00,17.47636460734595
2017-12-07 18:00:00+01:00,11.91288638581891
2017-12-08 00:00:00+01:00,6.841335057215306
2017-12-08 06:00:00+01:00,1.529728991272091
2017-12-08 12:00:00+01:00,4.647168953357479
2017-12-08 18:00:00+01:00,13.338809420967756
2017-12-09 00:00:00+01:00,8.891561368347288
2017-12-09 06:00:00+01:00,11.161685777599295
2017-12-09 12:00:00+01:00,10.291456042169466
2017-12-09 18:00:00+01:00,14.514404034901446
2017-12-10 00:00:00+01:00,9.5723207506636
2017-12-10 06:00:00+01:00,8.508473423421401
2017-12-10 12:00:00+01:00,3.969579949597012
2017-12-10 18:00:00+01:00,16.05419574055279
2017-12-11 00:00:00+01:00,44.03935000932886
2017-12-11 06:00:00+01:00,6.105066966034483
2017-12-11 12:00:00+01:00,12.950813469657248
2017-12-11 18:00:00+01:00,13.013150723026556
2017-12-12 00:00:00+01:00,7.327263838355055
2017-12-12 06:00:00+01:00,8.448494297184341
2017-12-12 12:00:00+01:00,34.48241332172322
2017-12-12 18:00:00+01:00,14.901697548354514
2017-12-13 00:00:00+01:00,8.461674747461478
2017-12-13 06:00:00+01:00,11.592495412400208
2017-12-13 12:00:00+01:00,8.178889184000335
2017-12-13 18:00:00+01:00,26.33666739511959
2017-12-14 00:00:00+01:00,7.476942294449267
2017-12-14 06:00:00+01:00,7.359519210314093
2017-12-14 12:00:00+01:00,5.899882229091325
2017-12-14 18:00:00+01:00,13.145563337794114
2017-12-15 00:00:00+01:00,8.210742524579679
2017-12-15 06:00:00+01:00,10.300262441725225
2017-12-15 12:00:00+01:00,10.071195220275158
2017-12-15 18:00:00+01:00,14.171153330929062
2017-12-16 00:00:00+01:00,8.409114597998204
2017-12-16 06:00:00+01:00,6.682236952519426
2017-12-16 12:00:00+01:00,11.954934706997411
2017-12-16 18:00:00+01:00,14.709602328757807
2017-12-17 00:00:00+01:00,8.981228963150675
2017-12-17 06:00:00+01:00,7.963120146680596
2017-12-17 12:00:00+01:00,10.54065421926605
2017-12-17 18:00:00+01:00,13.233294926534262
2017-12-18 00:00:00+01:00,44.602080448175904
2017-12-18 06:00:00+01:00,6.685673494487725
2017-12-18 12:00:00+01:00,13.591076516671269
2017-12-18 18:00:00+01:00,13.298736872271846
2017-12-19 00:00:00+01:00,8.651061064873518
2017-12-19 06:00:00+01:00,10.381847887077395
2017-12-19 12:00:00+01:00,37.14317593420485
2017-12-19 18:00:00+01:00,14.690422027683269
2017-12-20 00:00:00+01:00,7.3432642259334395
2017-12-20 06:00:00+01:00,9.036635013505263
2017-12-20 12:00:00+01:00,7.898528078075132
2017-12-20 18:00:00+01:00,26.054499511209517
2017-12-21 00:00:00+01:00,5.969375229714044
2017-12-21 06:00:00+01:00,6.960311627915733
2017-12-21 12:00:00+01:00,5.945864400781093
2017-12-21 18:00:00+01:00,13.070125995996088
2017-12-22 00:00:00+01:00,6.315130936126274
2017-12-22 06:00:00+01:00,7.847250066628314
2017-12-22 12:00:00+01:00,3.2976411360455136
2017-12-22 18:00:00+01:00,12.555723455142987
2017-12-23 00:00:00+01:00,6.76469948999292
2017-12-23 06:00:00+01:00,9.667612865205777
2017-12-23 12:00:00+01:00,8.56816189569876
2017-12-23 18:00:00+01:00,12.883723343624409
2017-12-24 00:00:00+01:00,4.789633593101973
2017-12-24 06:00:00+01:00,7.700678192130899
2017-12-24 12:00:00+01:00,9.47529688424065
2017-12-24 18:00:00+01:00,9.291564656486742
2017-12-25 00:00:00+01:00,41.35861992016965
2017-12-25 06:00:00+01:00,6.671615563023492
2017-12-25 12:00:00+01:00,8.113383993081891
2017-12-25 18:00:00+01:00,10.476214938905517
2017-12-26 00:00:00+01:00,7.445562458130135
2017-12-26 06:00:00+01:00,6.133863335251628
2017-12-26 12:00:00+01:00,20.496648084998586
2017-12-26 18:00:00+01:00,11.414716595747374
2017-12-27 00:00:00+01:00,7.832603197352482
2017-12-27 06:00:00+01:00,3.568484151195223
2017-12-27 12:00:00+01:00,4.791931106707321
2017-12-27 18:00:00+01:00,24.976783595283518
2017-12-28 00:00:00+01:00,7.927085885060349
2017-12-28 06:00:00+01:00,8.882977255324262
2017-12-28 12:00:00+01:00,9.60644609707925
2017-12-28 18:00:00+01:00,14.425185580139358
2017-12-29 00:00:00+01:00,8.407886177138048
2017-12-29 06:00:00+01:00,9.736999381705745
2017-12-29 12:00:00+01:00,9.780089674205316
2017-12-29 18:00:00+01:00,12.892363458888934
2017-12-30 00:00:00+01:00,8.199769910138038
2017-12-30 06:00:00+01:00,6.89342553519054
2017-12-30 12:00:00+01:00,7.366709481578876
2017-12-30 18:00:00+01:00,11.989649564786497
2017-12-31 00:00:00+01:00,4.731511820985087
2017-12-31 06:00:00+01:00,5.255551584807336
2017-12-31 12:00:00+01:00,5.863917555827142
2017-12-31 18:00:00+01:00,9.791222994109953
