timestamp,0,1,2,3,4,5,6,7,8,9,10,11,12,13,42
2017-01-04 00:00:00+01:00,0.998,0.998,0.998,0.998,0.997,0.997,0.998,0.998,0.998,0.998,0.998,0.998,0.998,0.998,1.0
2017-01-04 01:00:00+01:00,0.998,0.998,0.998,0.998,0.997,0.997,0.998,0.998,0.998,0.998,0.998,0.998,0.998,0.998,1.0
2017-01-04 02:00:00+01:00,0.998,0.998,0.998,0.998,0.997,0.997,0.998,0.998,0.998,0.998,0.998,0.998,0.998,0.997,1.0
2017-01-04 03:00:00+01:00,0.998,0.998,0.998,0.998,0.997,0.997,0.998,0.998,0.998,0.998,0.998,0.998,0.998,0.997,1.0
2017-01-04 04:00:00+01:00,0.997,0.997,0.997,0.997,0.996,0.996,0.997,0.997,0.997,0.997,0.997,0.997,0.997,0.997,1.0
2017-01-04 05:00:00+01:00,0.996,0.996,0.996,0.996,0.995,0.995,0.996,0.996,0.996,0.996,0.996,0.996,0.996,0.995,1.0
2017-01-04 06:00:00+01:00,0.995,0.996,0.996,0.996,0.994,0.994,0.995,0.996,0.996,0.996,0.996,0.995,0.996,0.995,1.0
2017-01-04 07:00:00+01:00,0.995,0.996,0.995,0.996,0.994,0.994,0.995,0.996,0.996,0.995,0.996,0.995,0.996,0.995,1.0
2017-01-04 08:00:00+01:00,0.995,0.996,0.995,0.996,0.994,0.994,0.995,0.996,0.996,0.996,0.996,0.995,0.996,0.995,1.0
2017-01-04 09:00:00+01:00,0.996,0.997,0.996,0.997,0.996,0.996,0.996,0.997,0.997,0.997,0.997,0.996,0.997,0.996,1.0
2017-01-04 10:00:00+01:00,0.997,0.998,0.998,0.998,0.998,0.998,0.998,0.998,0.998,0.998,0.998,0.998,0.998,0.998,1.0
2017-01-04 11:00:00+01:00,0.998,0.998,0.998,0.998,0.998,0.998,0.998,0.998,0.998,0.998,0.998,0.998,0.998,0.998,1.0
2017-01-04 12:00:00+01:00,0.999,0.999,0.999,0.999,0.998,0.998,0.999,0.999,0.999,0.999,0.999,0.999,0.999,0.999,1.0
2017-01-04 13:00:00+01:00,1.0,1.0,1.0,1.0,1.0,1.0,1.0,1.0,1.0,1.0,1.0,1.0,1.0,1.0,1.0
2017-01-04 14:00:00+01:00,0.996,0.996,0.996,0.996,0.994,0.994,0.995,0.996,0.995,0.996,0.996,0.995,0.995,0.995,1.0
2017-01-04 15:00:00+01:00,0.996,0.996,0.996,0.996,0.994,0.994,0.995,0.996,0.996,0.996,0.996,0.995,0.995,0.995,1.0
2017-01-04 16:00:00+01:00,0.994,0.993,0.993,0.994,0.99,0.99,0.992,0.994,0.993,0.993,0.994,0.992,0.993,0.992,1.0
2017-01-04 17:00:00+01:00,0.994,0.994,0.994,0.994,0.99,0.99,0.993,0.994,0.994,0.994,0.994,0.993,0.994,0.991,1.0
2017-01-04 18:00:00+01:00,0.994,0.994,0.994,0.995,0.992,0.992,0.994,0.995,0.994,0.994,0.994,0.994,0.994,0.993,1.0
2017-01-04 19:00:00+01:00,0.994,0.994,0.994,0.994,0.992,0.992,0.993,0.994,0.994,0.994,0.994,0.993,0.994,0.993,1.0
2017-01-04 20:00:00+01:00,0.995,0.996,0.995,0.996,0.993,0.993,0.995,0.996,0.995,0.995,0.996,0.995,0.995,0.994,1.0
2017-01-04 21:00:00+01:00,0.996,0.997,0.996,0.997,0.995,0.995,0.996,0.997,0.997,0.996,0.997,0.996,0.996,0.996,1.0
2017-01-04 22:00:00+01:00,0.997,0.997,0.996,0.997,0.996,0.996,0.996,0.997,0.997,0.996,0.997,0.996,0.997,0.996,1.0
2017-01-04 23:00:00+01:00,0.997,0.997,0.997,0.997,0.996,0.996,0.997,0.997,0.997,0.997,0.997,0.997,0.997,0.997,1.0
2017-01-05 00:00:00+01:00,0.997,0.997,0.997,0.997,0.996,0.996,0.997,0.997,0.997,0.997,0.997,0.997,0.997,0.996,1.0
2017-01-05 01:00:00+01:00,0.997,0.997,0.997,0.997,0.996,0.996,0.997,0.997,0.997,0.997,0.997,0.997,0.997,0.996,1.0
2017-01-05 02:00:00+01:00,0.997,0.997,0.997,0.997,0.996,0.996,0.997,0.997,0.997,0.997,0.997,0.997,0.997,0.996,1.0
2017-01-05 03:00:00+01:00,0.997,0.997,0.997,0.997,0.995,0.995,0.996,0.997,0.997,0.997,0.997,0.996,0.997,0.996,1.0
2017-01-05 04:00:00+01:00,0.995,0.996,0.995,0.996,0.992,0.992,0.995,0.996,0.995,0.995,0.996,0.995,0.995,0.994,1.0
2017-01-05 05:00:00+01:00,0.993,0.993,0.993,0.994,0.99,0.99,0.992,0.994,0.993,0.993,0.993,0.992,0.993,0.991,1.0
2017-01-05 06:00:00+01:00,0.994,0.994,0.993,0.994,0.991,0.991,0.993,0.994,0.994,0.994,0.994,0.993,0.994,0.992,1.0
2017-01-05 07:00:00+01:00,0.994,0.994,0.994,0.995,0.992,0.992,0.994,0.994,0.994,0.994,0.994,0.994,0.994,0.993,1.0
2017-01-05 08:00:00+01:00,0.994,0.995,0.994,0.995,0.992,0.992,0.994,0.995,0.995,0.994,0.995,0.994,0.994,0.993,1.0
2017-01-05 09:00:00+01:00,0.996,0.996,0.996,0.996,0.994,0.994,0.996,0.996,0.996,0.996,0.996,0.996,0.996,0.995,1.0
2017-01-05 10:00:00+01:00,0.998,0.998,0.999,0.998,0.998,0.998,0.998,0.998,0.998,0.998,0.998,0.998,0.998,0.998,1.0
2017-01-05 11:00:00+01:00,1.0,1.0,1.001,1.0,1.0,1.0,1.0,1.0,1.0,1.0,1.0,1.0,1.0,1.0,1.0
2017-01-05 12:00:00+01:00,1.003,1.003,1.004,1.003,1.005,1.005,1.004,1.003,1.003,1.003,1.003,1.004,1.003,1.004,1.0
2017-01-05 13:00:00+01:00,1.004,1.003,1.004,1.003,1.006,1.005,1.004,1.003,1.004,1.004,1.004,1.004,1.004,1.004,1.0
2017-01-05 14:00:00+01:00,1.0,1.0,1.0,1.0,1.001,1.0,1.0,1.0,1.0,1.0,1.0,1.0,1.0,1.0,1.0
2017-01-05 15:00:00+01:00,0.994,0.994,0.994,0.995,0.992,0.992,0.994,0.994,0.994,0.994,0.994,0.994,0.994,0.993,1.0
2017-01-05 16:00:00+01:00,0.993,0.993,0.993,0.994,0.991,0.991,0.993,0.993,0.993,0.993,0.993,0.993,0.992,0.992,1.0
2017-01-05 17:00:00+01:00,0.993,0.993,0.993,0.994,0.991,0.991,0.993,0.993,0.993,0.993,0.993,0.992,0.993,0.992,1.0
2017-01-05 18:00:00+01:00,0.993,0.994,0.993,0.994,0.991,0.991,0.993,0.994,0.993,0.993,0.994,0.993,0.993,0.992,1.0
2017-01-05 19:00:00+01:00,0.994,0.994,0.994,0.994,0.991,0.991,0.993,0.994,0.994,0.994,0.994,0.993,0.994,0.992,1.0
2017-01-05 20:00:00+01:00,0.994,0.994,0.994,0.994,0.992,0.992,0.993,0.994,0.994,0.994,0.994,0.993,0.994,0.993,1.0
2017-01-05 21:00:00+01:00,0.994,0.994,0.994,0.994,0.989,0.989,0.993,0.994,0.994,0.994,0.994,0.993,0.994,0.992,1.0
2017-01-05 22:00:00+01:00,0.996,0.996,0.995,0.996,0.994,0.994,0.995,0.996,0.996,0.996,0.996,0.995,0.996,0.995,1.0
2017-01-05 23:00:00+01:00,0.996,0.996,0.996,0.996,0.995,0.995,0.996,0.996,0.996,0.996,0.996,0.996,0.996,0.995,1.0
2017-01-06 00:00:00+01:00,0.996,0.996,0.996,0.996,0.994,0.994,0.995,0.996,0.996,0.996,0.996,0.995,0.996,0.995,1.0
2017-01-06 01:00:00+01:00,0.996,0.996,0.996,0.996,0.995,0.995,0.996,0.996,0.996,0.996,0.996,0.996,0.996,0.995,1.0
2017-01-06 02:00:00+01:00,0.996,0.996,0.996,0.996,0.994,0.994,0.996,0.996,0.996,0.996,0.996,0.996,0.996,0.995,1.0
2017-01-06 03:00:00+01:00,0.996,0.996,0.996,0.996,0.994,0.994,0.995,0.996,0.996,0.996,0.996,0.995,0.996,0.995,1.0
2017-01-06 04:00:00+01:00,0.995,0.996,0.995,0.996,0.994,0.994,0.995,0.996,0.996,0.995,0.996,0.995,0.995,0.995,1.0
2017-01-06 05:00:00+01:00,0.994,0.994,0.994,0.994,0.991,0.991,0.993,0.994,0.994,0.994,0.994,0.993,0.994,0.992,1.0
2017-01-06 06:00:00+01:00,0.992,0.992,0.992,0.992,0.989,0.989,0.991,0.992,0.992,0.992,0.992,0.991,0.992,0.99,1.0
2017-01-06 07:00:00+01:00,0.992,0.993,0.992,0.993,0.99,0.99,0.992,0.993,0.993,0.993,0.993,0.992,0.993,0.991,1.0
2017-01-06 08:00:00+01:00,0.993,0.993,0.993,0.993,0.99,0.99,0.992,0.993,0.993,0.993,0.993,0.992,0.993,0.991,1.0
2017-01-06 09:00:00+01:00,1.0,0.999,1.0,0.999,1.0,1.0,1.0,0.999,0.999,1.0,0.999,1.0,1.0,1.0,1.0
2017-01-06 10:00:00+01:00,1.005,1.004,1.005,1.003,1.006,1.006,1.005,1.004,1.004,1.004,1.004,1.005,1.004,1.006,1.0
2017-01-06 11:00:00+01:00,1.004,1.003,1.004,1.003,1.005,1.005,1.004,1.003,1.003,1.004,1.003,1.004,1.004,1.004,1.0
2017-01-06 12:00:00+01:00,1.007,1.006,1.007,1.005,1.01,1.01,1.007,1.006,1.006,1.007,1.006,1.007,1.006,1.008,1.0
2017-01-06 13:00:00+01:00,1.007,1.006,1.007,1.005,1.009,1.009,1.007,1.006,1.006,1.007,1.006,1.007,1.006,1.008,1.0
2017-01-06 14:00:00+01:00,1.003,1.003,1.004,1.003,1.006,1.006,1.004,1.003,1.003,1.003,1.003,1.004,1.003,1.004,1.0
2017-01-06 15:00:00+01:00,0.996,0.996,0.996,0.996,0.995,0.995,0.996,0.996,0.995,0.996,0.996,0.995,0.995,0.995,1.0
2017-01-06 16:00:00+01:00,0.992,0.993,0.992,0.993,0.99,0.99,0.992,0.993,0.992,0.992,0.993,0.992,0.992,0.991,1.0
2017-01-06 17:00:00+01:00,0.992,0.993,0.992,0.993,0.989,0.989,0.992,0.993,0.992,0.992,0.993,0.991,0.992,0.991,1.0
2017-01-06 18:00:00+01:00,0.993,0.993,0.992,0.993,0.99,0.99,0.992,0.993,0.993,0.993,0.993,0.992,0.993,0.991,1.0
2017-01-06 19:00:00+01:00,0.992,0.993,0.992,0.993,0.99,0.99,0.992,0.993,0.993,0.992,0.993,0.992,0.992,0.991,1.0
2017-01-06 20:00:00+01:00,0.993,0.993,0.993,0.993,0.99,0.99,0.992,0.993,0.993,0.993,0.993,0.992,0.993,0.991,1.0
2017-01-06 21:00:00+01:00,0.993,0.994,0.993,0.994,0.991,0.991,0.993,0.994,0.994,0.993,0.993,0.993,0.993,0.992,1.0
2017-01-06 22:00:00+01:00,0.995,0.995,0.994,0.995,0.992,0.992,0.994,0.995,0.995,0.994,0.995,0.994,0.995,0.993,1.0
2017-01-06 23:00:00+01:00,0.996,0.996,0.996,0.996,0.994,0.994,0.995,0.996,0.996,0.996,0.996,0.995,0.996,0.995,1.0
2017-01-07 00:00:00+01:00,0.996,0.996,0.996,0.996,0.995,0.995,0.996,0.996,0.996,0.996,0.996,0.996,0.996,0.995,1.0
2017-01-07 01:00:00+01:00,0.996,0.996,0.996,0.996,0.995,0.995,0.996,0.996,0.996,0.996,0.996,0.996,0.996,0.995,1.0
2017-01-07 02:00:00+01:00,0.996,0.996,0.996,0.996,0.994,0.994,0.995,0.996,0.996,0.996,0.996,0.995,0.996,0.995,1.0
2017-01-07 03:00:00+01:00,0.996,0.996,0.996,0.996,0.994,0.994,0.995,0.996,0.996,0.996,0.996,0.995,0.996,0.995,1.0
2017-01-07 04:00:00+01:00,0.996,0.996,0.996,0.996,0.994,0.994,0.995,0.996,0.996,0.996,0.996,0.995,0.996,0.995,1.0
2017-01-07 05:00:00+01:00,0.993,0.994,0.993,0.994,0.991,0.991,0.993,0.994,0.994,0.993,0.994,0.993,0.993,0.992,1.0
2017-01-07 06:00:00+01:00,0.992,0.992,0.991,0.992,0.988,0.988,0.991,0.992,0.992,0.992,0.992,0.991,0.992,0.99,1.0
2017-01-07 07:00:00+01:00,0.992,0.992,0.992,0.993,0.988,0.988,0.991,0.992,0.992,0.992,0.992,0.991,0.992,0.99,1.0
2017-01-07 08:00:00+01:00,0.993,0.993,0.993,0.994,0.99,0.99,0.993,0.994,0.993,0.993,0.993,0.993,0.993,0.992,1.0
2017-01-07 09:00:00+01:00,0.995,0.995,0.995,0.995,0.993,0.993,0.994,0.995,0.995,0.995,0.995,0.994,0.995,0.994,1.0
2017-01-07 10:00:00+01:00,0.996,0.996,0.996,0.996,0.995,0.995,0.996,0.996,0.996,0.996,0.996,0.996,0.996,0.995,1.0
2017-01-07 11:00:00+01:00,0.997,0.997,0.997,0.997,0.994,0.994,0.996,0.997,0.997,0.997,0.997,0.996,0.997,0.995,1.0
2017-01-07 12:00:00+01:00,0.996,0.996,0.996,0.996,0.994,0.994,0.996,0.996,0.996,0.996,0.996,0.996,0.996,0.995,1.0
2017-01-07 13:00:00+01:00,0.996,0.996,0.996,0.996,0.995,0.995,0.996,0.996,0.996,0.996,0.996,0.996,0.996,0.995,1.0
2017-01-07 14:00:00+01:00,0.995,0.995,0.995,0.995,0.992,0.992,0.994,0.995,0.995,0.995,0.995,0.994,0.995,0.993,1.0
2017-01-07 15:00:00+01:00,0.993,0.994,0.993,0.994,0.99,0.99,0.992,0.994,0.993,0.993,0.994,0.992,0.993,0.991,1.0
2017-01-07 16:00:00+01:00,0.993,0.994,0.993,0.994,0.991,0.991,0.993,0.994,0.993,0.993,0.994,0.993,0.993,0.992,1.0
2017-01-07 17:00:00+01:00,0.992,0.993,0.992,0.993,0.99,0.99,0.992,0.993,0.993,0.993,0.993,0.992,0.992,0.991,1.0
2017-01-07 18:00:00+01:00,0.991,0.991,0.991,0.992,0.989,0.989,0.991,0.992,0.991,0.991,0.991,0.991,0.99,0.99,1.0
2017-01-07 19:00:00+01:00,0.992,0.993,0.992,0.993,0.99,0.99,0.992,0.993,0.992,0.992,0.993,0.992,0.992,0.991,1.0
2017-01-07 20:00:00+01:00,0.994,0.994,0.993,0.994,0.991,0.991,0.993,0.994,0.994,0.994,0.994,0.993,0.994,0.992,1.0
2017-01-07 21:00:00+01:00,0.993,0.994,0.993,0.994,0.991,0.991,0.992,0.994,0.994,0.994,0.994,0.992,0.994,0.992,1.0
2017-01-07 22:00:00+01:00,0.995,0.995,0.995,0.995,0.991,0.991,0.994,0.995,0.995,0.995,0.995,0.994,0.995,0.993,1.0
2017-01-07 23:00:00+01:00,0.996,0.997,0.996,0.997,0.995,0.995,0.996,0.997,0.996,0.996,0.997,0.996,0.996,0.996,1.0
2017-01-08 00:00:00+01:00,0.997,0.997,0.997,0.997,0.996,0.996,0.997,0.997,0.997,0.997,0.997,0.997,0.997,0.996,1.0
2017-01-08 01:00:00+01:00,0.997,0.997,0.997,0.997,0.996,0.996,0.997,0.997,0.997,0.997,0.997,0.997,0.997,0.997,1.0
2017-01-08 02:00:00+01:00,0.997,0.997,0.997,0.997,0.996,0.996,0.997,0.997,0.997,0.997,0.997,0.997,0.997,0.996,1.0
2017-01-08 03:00:00+01:00,0.997,0.997,0.997,0.997,0.995,0.995,0.996,0.997,0.997,0.997,0.997,0.996,0.997,0.996,1.0
2017-01-08 04:00:00+01:00,0.996,0.996,0.996,0.996,0.994,0.994,0.996,0.996,0.996,0.996,0.996,0.996,0.996,0.995,1.0
2017-01-08 05:00:00+01:00,0.995,0.995,0.995,0.995,0.993,0.993,0.994,0.995,0.995,0.995,0.995,0.994,0.995,0.994,1.0
2017-01-08 06:00:00+01:00,0.994,0.994,0.994,0.994,0.992,0.992,0.993,0.994,0.994,0.994,0.994,0.993,0.994,0.993,1.0
2017-01-08 07:00:00+01:00,0.993,0.994,0.993,0.994,0.99,0.99,0.993,0.994,0.994,0.993,0.994,0.993,0.993,0.992,1.0
2017-01-08 08:00:00+01:00,0.994,0.995,0.994,0.995,0.993,0.993,0.994,0.995,0.995,0.995,0.995,0.994,0.995,0.994,1.0
2017-01-08 09:00:00+01:00,0.996,0.996,0.995,0.996,0.994,0.994,0.995,0.996,0.996,0.996,0.996,0.995,0.996,0.995,1.0
2017-01-08 10:00:00+01:00,0.997,0.997,0.997,0.997,0.996,0.996,0.996,0.997,0.997,0.997,0.997,0.996,0.997,0.996,1.0
2017-01-08 11:00:00+01:00,0.997,0.997,0.997,0.997,0.996,0.996,0.997,0.997,0.997,0.997,0.997,0.997,0.997,0.996,1.0
2017-01-08 12:00:00+01:00,0.997,0.997,0.997,0.997,0.996,0.996,0.997,0.997,0.997,0.997,0.997,0.997,0.997,0.997,1.0
2017-01-08 13:00:00+01:00,0.996,0.996,0.996,0.996,0.995,0.995,0.996,0.996,0.996,0.996,0.996,0.996,0.996,0.995,1.0
2017-01-08 14:00:00+01:00,0.995,0.995,0.995,0.995,0.993,0.993,0.995,0.995,0.995,0.995,0.995,0.995,0.995,0.994,1.0
2017-01-08 15:00:00+01:00,0.994,0.995,0.994,0.995,0.993,0.993,0.994,0.995,0.994,0.994,0.995,0.994,0.994,0.993,1.0
2017-01-08 16:00:00+01:00,0.994,0.994,0.994,0.995,0.992,0.992,0.994,0.994,0.994,0.994,0.994,0.994,0.994,0.993,1.0
2017-01-08 17:00:00+01:00,0.993,0.994,0.993,0.994,0.991,0.991,0.993,0.994,0.994,0.994,0.994,0.993,0.994,0.992,1.0
2017-01-08 18:00:00+01:00,0.994,0.994,0.993,0.994,0.991,0.991,0.993,0.994,0.994,0.994,0.994,0.993,0.994,0.992,1.0
2017-01-08 19:00:00+01:00,0.994,0.994,0.993,0.994,0.991,0.991,0.993,0.994,0.994,0.994,0.994,0.993,0.994,0.992,1.0
2017-01-08 20:00:00+01:00,0.994,0.994,0.994,0.994,0.991,0.991,0.993,0.994,0.994,0.994,0.994,0.993,0.994,0.993,1.0
2017-01-08 21:00:00+01:00,0.995,0.996,0.995,0.996,0.994,0.994,0.995,0.996,0.996,0.995,0.996,0.995,0.995,0.994,1.0
2017-01-08 22:00:00+01:00,0.996,0.996,0.996,0.996,0.995,0.995,0.996,0.996,0.996,0.996,0.996,0.996,0.996,0.995,1.0
2017-01-08 23:00:00+01:00,0.995,0.996,0.996,0.996,0.995,0.995,0.996,0.996,0.996,0.996,0.996,0.996,0.996,0.995,1.0
2017-01-09 00:00:00+01:00,0.996,0.997,0.997,0.997,0.996,0.996,0.996,0.997,0.997,0.997,0.997,0.996,0.997,0.996,1.0
2017-01-09 01:00:00+01:00,0.997,0.997,0.997,0.997,0.996,0.996,0.997,0.997,0.997,0.997,0.997,0.997,0.997,0.996,1.0
2017-01-09 02:00:00+01:00,0.997,0.997,0.997,0.997,0.996,0.996,0.997,0.997,0.997,0.997,0.997,0.997,0.997,0.996,1.0
2017-01-09 03:00:00+01:00,0.997,0.997,0.997,0.997,0.996,0.996,0.997,0.997,0.997,0.997,0.997,0.997,0.997,0.996,1.0
2017-01-09 04:00:00+01:00,0.996,0.996,0.996,0.996,0.995,0.995,0.996,0.996,0.996,0.996,0.996,0.996,0.996,0.995,1.0
2017-01-09 05:00:00+01:00,0.995,0.995,0.995,0.996,0.993,0.993,0.995,0.996,0.995,0.995,0.995,0.995,0.995,0.994,1.0
2017-01-09 06:00:00+01:00,0.995,0.995,0.995,0.995,0.993,0.993,0.994,0.995,0.995,0.995,0.995,0.994,0.995,0.994,1.0
2017-01-09 07:00:00+01:00,0.995,0.995,0.995,0.995,0.993,0.993,0.994,0.995,0.995,0.995,0.995,0.994,0.995,0.994,1.0
2017-01-09 08:00:00+01:00,0.995,0.995,0.995,0.995,0.993,0.993,0.994,0.995,0.995,0.995,0.995,0.994,0.995,0.994,1.0
2017-01-09 09:00:00+01:00,0.995,0.996,0.995,0.996,0.994,0.994,0.995,0.996,0.995,0.995,0.995,0.995,0.995,0.995,1.0
2017-01-09 10:00:00+01:00,0.996,0.996,0.996,0.997,0.995,0.995,0.996,0.996,0.996,0.996,0.996,0.996,0.996,0.996,1.0
2017-01-09 11:00:00+01:00,0.995,0.994,0.994,0.995,0.993,0.993,0.994,0.995,0.994,0.994,0.995,0.994,0.994,0.994,1.0
2017-01-09 12:00:00+01:00,0.995,0.995,0.994,0.996,0.994,0.994,0.995,0.995,0.995,0.995,0.995,0.995,0.995,0.995,1.0
2017-01-09 13:00:00+01:00,0.995,0.995,0.995,0.995,0.993,0.993,0.995,0.995,0.995,0.995,0.995,0.995,0.995,0.994,1.0
2017-01-09 14:00:00+01:00,0.995,0.995,0.995,0.995,0.991,0.991,0.993,0.995,0.995,0.995,0.995,0.993,0.994,0.992,1.0
2017-01-09 15:00:00+01:00,0.993,0.994,0.993,0.994,0.986,0.986,0.992,0.994,0.993,0.993,0.994,0.992,0.993,0.99,1.0
2017-01-09 16:00:00+01:00,0.993,0.993,0.993,0.994,0.988,0.988,0.992,0.994,0.993,0.993,0.993,0.992,0.993,0.991,1.0
2017-01-09 17:00:00+01:00,0.991,0.992,0.992,0.992,0.986,0.986,0.99,0.992,0.992,0.992,0.992,0.99,0.992,0.989,1.0
2017-01-09 18:00:00+01:00,0.992,0.993,0.993,0.993,0.987,0.987,0.991,0.993,0.993,0.993,0.993,0.991,0.993,0.99,1.0
2017-01-09 19:00:00+01:00,0.993,0.994,0.993,0.994,0.989,0.989,0.992,0.994,0.994,0.993,0.994,0.992,0.993,0.991,1.0
2017-01-09 20:00:00+01:00,0.994,0.995,0.994,0.995,0.992,0.992,0.994,0.995,0.994,0.994,0.995,0.994,0.994,0.993,1.0
2017-01-09 21:00:00+01:00,0.995,0.996,0.995,0.996,0.994,0.994,0.995,0.996,0.996,0.996,0.996,0.995,0.996,0.995,1.0
2017-01-09 22:00:00+01:00,0.995,0.995,0.995,0.996,0.994,0.994,0.995,0.996,0.995,0.995,0.996,0.995,0.995,0.995,1.0
2017-01-09 23:00:00+01:00,0.996,0.996,0.995,0.996,0.994,0.994,0.995,0.996,0.995,0.996,0.996,0.995,0.995,0.995,1.0
2017-01-10 00:00:00+01:00,0.997,0.997,0.997,0.997,0.996,0.996,0.997,0.997,0.997,0.997,0.997,0.997,0.997,0.996,1.0
2017-01-10 01:00:00+01:00,0.997,0.997,0.997,0.997,0.996,0.996,0.997,0.997,0.997,0.997,0.997,0.997,0.997,0.997,1.0
2017-01-10 02:00:00+01:00,0.997,0.997,0.997,0.997,0.996,0.996,0.997,0.997,0.997,0.997,0.997,0.997,0.997,0.996,1.0
2017-01-10 03:00:00+01:00,0.997,0.997,0.997,0.997,0.996,0.996,0.997,0.997,0.997,0.997,0.997,0.996,0.997,0.996,1.0
2017-01-10 04:00:00+01:00,0.996,0.996,0.996,0.996,0.995,0.995,0.996,0.996,0.996,0.996,0.996,0.996,0.996,0.995,1.0
2017-01-10 05:00:00+01:00,0.995,0.995,0.995,0.996,0.993,0.993,0.995,0.996,0.995,0.995,0.995,0.995,0.995,0.994,1.0
2017-01-10 06:00:00+01:00,0.995,0.995,0.995,0.995,0.993,0.993,0.994,0.995,0.995,0.995,0.995,0.994,0.995,0.994,1.0
2017-01-10 07:00:00+01:00,0.995,0.995,0.995,0.995,0.993,0.993,0.994,0.995,0.995,0.995,0.995,0.994,0.995,0.994,1.0
2017-01-10 08:00:00+01:00,0.995,0.995,0.995,0.995,0.993,0.993,0.994,0.995,0.995,0.995,0.995,0.994,0.995,0.994,1.0
2017-01-10 09:00:00+01:00,1.001,1.001,1.001,1.001,1.003,1.003,1.002,1.001,1.001,1.001,1.001,1.002,1.001,1.002,1.0
2017-01-10 10:00:00+01:00,1.006,1.005,1.006,1.005,1.009,1.009,1.006,1.005,1.005,1.006,1.005,1.006,1.006,1.007,1.0
2017-01-10 11:00:00+01:00,1.004,1.004,1.004,1.003,1.007,1.007,1.005,1.003,1.004,1.004,1.004,1.005,1.004,1.006,1.0
2017-01-10 12:00:00+01:00,1.006,1.006,1.006,1.005,1.009,1.009,1.007,1.005,1.006,1.006,1.006,1.007,1.006,1.008,1.0
2017-01-10 13:00:00+01:00,1.004,1.004,1.005,1.004,1.006,1.006,1.005,1.004,1.004,1.005,1.004,1.005,1.005,1.006,1.0
2017-01-10 14:00:00+01:00,1.003,1.002,1.003,1.002,1.006,1.005,1.003,1.002,1.002,1.003,1.003,1.003,1.002,1.004,1.0
2017-01-10 15:00:00+01:00,0.997,0.997,0.997,0.997,0.995,0.995,0.996,0.997,0.996,0.997,0.997,0.996,0.996,0.996,1.0
2017-01-10 16:00:00+01:00,0.994,0.995,0.994,0.995,0.992,0.992,0.994,0.995,0.994,0.994,0.994,0.994,0.994,0.993,1.0
2017-01-10 17:00:00+01:00,0.993,0.994,0.993,0.994,0.992,0.992,0.993,0.994,0.994,0.994,0.994,0.993,0.993,0.992,1.0
2017-01-10 18:00:00+01:00,0.994,0.994,0.994,0.995,0.992,0.992,0.994,0.994,0.994,0.994,0.994,0.994,0.994,0.993,1.0
2017-01-10 19:00:00+01:00,0.994,0.994,0.994,0.994,0.992,0.992,0.993,0.994,0.994,0.994,0.994,0.993,0.994,0.993,1.0
2017-01-10 20:00:00+01:00,0.994,0.994,0.994,0.994,0.992,0.992,0.993,0.994,0.994,0.994,0.994,0.993,0.994,0.993,1.0
2017-01-10 21:00:00+01:00,0.995,0.995,0.995,0.995,0.993,0.993,0.994,0.995,0.995,0.995,0.995,0.994,0.995,0.994,1.0
2017-01-10 22:00:00+01:00,0.996,0.996,0.996,0.997,0.995,0.995,0.996,0.996,0.996,0.996,0.996,0.996,0.996,0.995,1.0
2017-01-10 23:00:00+01:00,0.997,0.997,0.997,0.997,0.995,0.995,0.996,0.997,0.997,0.997,0.997,0.996,0.997,0.996,1.0
2017-01-11 00:00:00+01:00,0.997,0.997,0.997,0.997,0.995,0.995,0.996,0.997,0.997,0.997,0.997,0.996,0.997,0.996,1.0
